#
# There is insufficient memory for the Java Runtime Environment to continue.
# Native memory allocation (malloc) failed to allocate 3167664 bytes. Error detail: Chunk::new
# Possible reasons:
#   The system is out of physical RAM or swap space
#   This process is running with CompressedOops enabled, and the Java Heap may be blocking the growth of the native heap
# Possible solutions:
#   Reduce memory load on the system
#   Increase physical memory or swap space
#   Check if swap backing store is full
#   Decrease Java heap size (-Xmx/-Xms)
#   Decrease number of Java threads
#   Decrease Java thread stack sizes (-Xss)
#   Set larger code cache with -XX:ReservedCodeCacheSize=
#   JVM is running with Unscaled Compressed Oops mode in which the Java heap is
#     placed in the first 4GB address space. The Java Heap base address is the
#     maximum limit for the native heap growth. Please use -XX:HeapBaseMinAddress
#     to set the Java Heap base and to place the Java Heap above 4GB virtual address.
# This output file may be truncated or incomplete.
#
#  Out of Memory Error (arena.cpp:168), pid=30456, tid=16208
#
# JRE version: OpenJDK Runtime Environment Temurin-21.0.11+10 (21.0.11+10) (build 21.0.11+10-LTS)
# Java VM: OpenJDK 64-Bit Server VM Temurin-21.0.11+10 (21.0.11+10-LTS, mixed mode, sharing, tiered, compressed oops, compressed class ptrs, g1 gc, windows-amd64)
# No core dump will be written. Minidumps are not enabled by default on client versions of Windows
#

---------------  S U M M A R Y ------------

Command Line: --add-modules=ALL-SYSTEM --add-opens=java.base/java.util=ALL-UNNAMED --add-opens=java.base/java.lang=ALL-UNNAMED --add-opens=java.base/sun.nio.fs=ALL-UNNAMED -Declipse.application=org.eclipse.jdt.ls.core.id1 -Dosgi.bundles.defaultStartLevel=4 -Declipse.product=org.eclipse.jdt.ls.core.product -Djava.import.generatesMetadataFilesAtProjectRoot=false -DDetectVMInstallationsJob.disabled=true -Dfile.encoding=utf8 -Xlog:disable -Xms256m -Xmx1024m -XX:+UseG1GC -XX:+UseStringDeduplication -javaagent:c:\Users\backu\.vscode\extensions\redhat.java-1.55.0-win32-x64\lombok\lombok-1.18.39-4050.jar -XX:+HeapDumpOnOutOfMemoryError -XX:HeapDumpPath=c:\Users\backu\AppData\Roaming\Code\User\workspaceStorage\168d849ae748a3a33731f4b1924235b6\redhat.java -Daether.dependencyCollector.impl=bf c:\Users\backu\.vscode\extensions\redhat.java-1.55.0-win32-x64\server\plugins\org.eclipse.equinox.launcher_1.7.200.v20260619-2039.jar -configuration c:\Users\backu\AppData\Roaming\Code\User\globalStorage\redhat.java\1.55.0\config_win -data c:\Users\backu\AppData\Roaming\Code\User\workspaceStorage\168d849ae748a3a33731f4b1924235b6\redhat.java\jdt_ws --pipe=\\.\pipe\lsp-09c8119e9804fd07c74dac9e9b39e718-sock

Host: 12th Gen Intel(R) Core(TM) i5-12500H, 16 cores, 15G,  Windows 11 , 64 bit Build 26100 (10.0.26100.8875)
Time: Sun Aug  9 23:24:35 2026 India Standard Time elapsed time: 1178.656025 seconds (0d 0h 19m 38s)

---------------  T H R E A D  ---------------

Current thread (0x0000020da44ad1e0):  JavaThread "C2 CompilerThread0" daemon [_thread_in_native, id=16208, stack(0x00000073e3b00000,0x00000073e3c00000) (1024K)]


Current CompileTask:
C2:1178656 23910   !   4       org.eclipse.aether.internal.impl.DefaultArtifactResolver::resolve (1386 bytes)

Stack: [0x00000073e3b00000,0x00000073e3c00000]
Native frames: (J=compiled Java code, j=interpreted, Vv=VM code, C=native code)
V  [jvm.dll+0x6d7e19]
V  [jvm.dll+0x8b5096]
V  [jvm.dll+0x8b764e]
V  [jvm.dll+0x8b7d33]
V  [jvm.dll+0x284596]
V  [jvm.dll+0xc685d]
V  [jvm.dll+0xc6da1]
V  [jvm.dll+0x3bed6b]
V  [jvm.dll+0x1e4149]
V  [jvm.dll+0x24c853]
V  [jvm.dll+0x24bce0]
V  [jvm.dll+0x1cb4ae]
V  [jvm.dll+0x25baad]
V  [jvm.dll+0x25a03a]
V  [jvm.dll+0x3f868e]
V  [jvm.dll+0x85fb0d]
V  [jvm.dll+0x6d664d]
C  [ucrtbase.dll+0x2cd30]
C  [KERNEL32.DLL+0x2e957]
C  [ntdll.dll+0xaad6c]


---------------  P R O C E S S  ---------------

Threads class SMR info:
_java_thread_list=0x0000020df25674f0, length=89, elements={
0x0000020d8b399640, 0x0000020da44a1230, 0x0000020da44a5160, 0x0000020da44a7a80,
0x0000020da44a84e0, 0x0000020da44aa400, 0x0000020da44aae60, 0x0000020da44ad1e0,
0x0000020da44cb0c0, 0x0000020da44e02e0, 0x0000020da47a5c90, 0x0000020da47a48e0,
0x0000020da47a3bc0, 0x0000020da47a6320, 0x0000020da47a4f70, 0x0000020da47a4250,
0x0000020da47a3530, 0x0000020da47a5600, 0x0000020da47a69b0, 0x0000020deb56d600,
0x0000020deb56f040, 0x0000020deb56e320, 0x0000020deb56c8e0, 0x0000020deb56e9b0,
0x0000020dee366a60, 0x0000020dee364300, 0x0000020dee365d40, 0x0000020dee365020,
0x0000020dee364990, 0x0000020dee3670f0, 0x0000020dee3656b0, 0x0000020dee3684a0,
0x0000020dee3691c0, 0x0000020dee367780, 0x0000020dee368b30, 0x0000020dee369850,
0x0000020dee3663d0, 0x0000020dee367e10, 0x0000020dee36a570, 0x0000020dee36b920,
0x0000020dee369ee0, 0x0000020df0200ef0, 0x0000020df0208510, 0x0000020ded445ea0,
0x0000020ded446530, 0x0000020ded44a040, 0x0000020ded448600, 0x0000020ded449320,
0x0000020df095e220, 0x0000020ded4a4600, 0x0000020deabd5520, 0x0000020ded49b5a0,
0x0000020dfcc44e00, 0x0000020dfd720390, 0x0000020dfcc45490, 0x0000020deba79960,
0x0000020defd22e00, 0x0000020deed9b630, 0x0000020dfc8ae610, 0x0000020ded49c2c0,
0x0000020deba79ff0, 0x0000020dfcc45b20, 0x0000020dfd71fd00, 0x0000020deba7ba30,
0x0000020deba7ad10, 0x0000020defd25bf0, 0x0000020ded49cfe0, 0x0000020deba7b3a0,
0x0000020deed9c9e0, 0x0000020defa62ef0, 0x0000020df095e8b0, 0x0000020dfc8af9c0,
0x0000020defd24ed0, 0x0000020dfc8af330, 0x0000020df095ef40, 0x0000020deabd5bb0,
0x0000020dec25a4c0, 0x0000020dfc8aeca0, 0x0000020defa63580, 0x0000020dfcbb1c70,
0x0000020deb2ce4f0, 0x0000020deba7c0c0, 0x0000020deba792d0, 0x0000020def75c590,
0x0000020defd26280, 0x0000020debdb9390, 0x0000020debdb8cc0, 0x0000020dfd249bd0,
0x0000020def6f11f0
}

Java Threads: ( => current thread )
  0x0000020d8b399640 JavaThread "main"                              [_thread_blocked, id=1912, stack(0x00000073e2d00000,0x00000073e2e00000) (1024K)]
  0x0000020da44a1230 JavaThread "Reference Handler"          daemon [_thread_blocked, id=30960, stack(0x00000073e3500000,0x00000073e3600000) (1024K)]
  0x0000020da44a5160 JavaThread "Finalizer"                  daemon [_thread_blocked, id=28020, stack(0x00000073e3600000,0x00000073e3700000) (1024K)]
  0x0000020da44a7a80 JavaThread "Signal Dispatcher"          daemon [_thread_blocked, id=11240, stack(0x00000073e3700000,0x00000073e3800000) (1024K)]
  0x0000020da44a84e0 JavaThread "Attach Listener"            daemon [_thread_blocked, id=18080, stack(0x00000073e3800000,0x00000073e3900000) (1024K)]
  0x0000020da44aa400 JavaThread "Service Thread"             daemon [_thread_blocked, id=26068, stack(0x00000073e3900000,0x00000073e3a00000) (1024K)]
  0x0000020da44aae60 JavaThread "Monitor Deflation Thread"   daemon [_thread_blocked, id=26736, stack(0x00000073e3a00000,0x00000073e3b00000) (1024K)]
=>0x0000020da44ad1e0 JavaThread "C2 CompilerThread0"         daemon [_thread_in_native, id=16208, stack(0x00000073e3b00000,0x00000073e3c00000) (1024K)]
  0x0000020da44cb0c0 JavaThread "C1 CompilerThread0"         daemon [_thread_blocked, id=10020, stack(0x00000073e3c00000,0x00000073e3d00000) (1024K)]
  0x0000020da44e02e0 JavaThread "StringDedupThread"          daemon [_thread_blocked, id=29444, stack(0x00000073e3d00000,0x00000073e3e00000) (1024K)]
  0x0000020da47a5c90 JavaThread "Common-Cleaner"             daemon [_thread_blocked, id=25496, stack(0x00000073e4100000,0x00000073e4200000) (1024K)]
  0x0000020da47a48e0 JavaThread "Notification Thread"        daemon [_thread_blocked, id=16260, stack(0x00000073e4300000,0x00000073e4400000) (1024K)]
  0x0000020da47a3bc0 JavaThread "Active Thread: Equinox Container: 8591c9cb-4168-4694-80a2-2785de8aeb00"        [_thread_blocked, id=17144, stack(0x00000073e5300000,0x00000073e5400000) (1024K)]
  0x0000020da47a6320 JavaThread "Refresh Thread: Equinox Container: 8591c9cb-4168-4694-80a2-2785de8aeb00" daemon [_thread_blocked, id=27164, stack(0x00000073e3e00000,0x00000073e3f00000) (1024K)]
  0x0000020da47a4f70 JavaThread "Framework Event Dispatcher: Equinox Container: 8591c9cb-4168-4694-80a2-2785de8aeb00" daemon [_thread_blocked, id=14864, stack(0x00000073e3f00000,0x00000073e4000000) (1024K)]
  0x0000020da47a4250 JavaThread "Start Level: Equinox Container: 8591c9cb-4168-4694-80a2-2785de8aeb00" daemon [_thread_blocked, id=11548, stack(0x00000073e4000000,0x00000073e4100000) (1024K)]
  0x0000020da47a3530 JavaThread "Bundle File Closer"         daemon [_thread_blocked, id=10068, stack(0x00000073e5200000,0x00000073e5300000) (1024K)]
  0x0000020da47a5600 JavaThread "SCR Component Actor"        daemon [_thread_blocked, id=30336, stack(0x00000073e2a00000,0x00000073e2b00000) (1024K)]
  0x0000020da47a69b0 JavaThread "Worker-JM"                         [_thread_blocked, id=27692, stack(0x00000073e5700000,0x00000073e5800000) (1024K)]
  0x0000020deb56d600 JavaThread "JNA Cleaner"                daemon [_thread_blocked, id=31636, stack(0x00000073e4200000,0x00000073e4300000) (1024K)]
  0x0000020deb56f040 JavaThread "Java indexing"              daemon [_thread_blocked, id=11028, stack(0x00000073e6000000,0x00000073e6100000) (1024K)]
  0x0000020deb56e320 JavaThread "Worker-3"                          [_thread_blocked, id=28320, stack(0x00000073e6300000,0x00000073e6400000) (1024K)]
  0x0000020deb56c8e0 JavaThread "Thread-1"                   daemon [_thread_in_native, id=12016, stack(0x00000073e6500000,0x00000073e6600000) (1024K)]
  0x0000020deb56e9b0 JavaThread "Thread-2"                   daemon [_thread_in_native, id=23220, stack(0x00000073e6600000,0x00000073e6700000) (1024K)]
  0x0000020dee366a60 JavaThread "Thread-3"                   daemon [_thread_in_native, id=15372, stack(0x00000073e6700000,0x00000073e6800000) (1024K)]
  0x0000020dee364300 JavaThread "Thread-4"                   daemon [_thread_in_native, id=6108, stack(0x00000073e6800000,0x00000073e6900000) (1024K)]
  0x0000020dee365d40 JavaThread "Thread-5"                   daemon [_thread_in_native, id=24232, stack(0x00000073e6900000,0x00000073e6a00000) (1024K)]
  0x0000020dee365020 JavaThread "Thread-6"                   daemon [_thread_in_native, id=10180, stack(0x00000073e6a00000,0x00000073e6b00000) (1024K)]
  0x0000020dee364990 JavaThread "Thread-7"                   daemon [_thread_in_native, id=13108, stack(0x00000073e6b00000,0x00000073e6c00000) (1024K)]
  0x0000020dee3670f0 JavaThread "Thread-8"                   daemon [_thread_in_native, id=21040, stack(0x00000073e6c00000,0x00000073e6d00000) (1024K)]
  0x0000020dee3656b0 JavaThread "Thread-9"                   daemon [_thread_in_native, id=12940, stack(0x00000073e6d00000,0x00000073e6e00000) (1024K)]
  0x0000020dee3684a0 JavaThread "Thread-10"                  daemon [_thread_in_native, id=4680, stack(0x00000073e6e00000,0x00000073e6f00000) (1024K)]
  0x0000020dee3691c0 JavaThread "Thread-11"                  daemon [_thread_in_native, id=4908, stack(0x00000073e6f00000,0x00000073e7000000) (1024K)]
  0x0000020dee367780 JavaThread "Thread-12"                  daemon [_thread_in_native, id=5104, stack(0x00000073e7000000,0x00000073e7100000) (1024K)]
  0x0000020dee368b30 JavaThread "Thread-13"                  daemon [_thread_in_native, id=22448, stack(0x00000073e7100000,0x00000073e7200000) (1024K)]
  0x0000020dee369850 JavaThread "Thread-14"                  daemon [_thread_in_native, id=10688, stack(0x00000073e7200000,0x00000073e7300000) (1024K)]
  0x0000020dee3663d0 JavaThread "Thread-15"                  daemon [_thread_in_native, id=784, stack(0x00000073e7300000,0x00000073e7400000) (1024K)]
  0x0000020dee367e10 JavaThread "Thread-16"                  daemon [_thread_in_native, id=14820, stack(0x00000073e7400000,0x00000073e7500000) (1024K)]
  0x0000020dee36a570 JavaThread "Thread-17"                  daemon [_thread_in_native, id=25860, stack(0x00000073e7500000,0x00000073e7600000) (1024K)]
  0x0000020dee36b920 JavaThread "pool-2-thread-1"                   [_thread_blocked, id=24380, stack(0x00000073e7600000,0x00000073e7700000) (1024K)]
  0x0000020dee369ee0 JavaThread "WorkspaceEventsHandler"            [_thread_blocked, id=9872, stack(0x00000073e7c00000,0x00000073e7d00000) (1024K)]
  0x0000020df0200ef0 JavaThread "pool-1-thread-1"                   [_thread_blocked, id=15868, stack(0x00000073e7d00000,0x00000073e7e00000) (1024K)]
  0x0000020df0208510 JavaThread "PatternSearchJob-worker-1"  daemon [_thread_blocked, id=28324, stack(0x00000073e5600000,0x00000073e5700000) (1024K)]
  0x0000020ded445ea0 JavaThread "ForkJoinPool.commonPool-worker-2" daemon [_thread_blocked, id=27268, stack(0x00000073e9b00000,0x00000073e9c00000) (1024K)]
  0x0000020ded446530 JavaThread "ForkJoinPool.commonPool-worker-7" daemon [_thread_blocked, id=21392, stack(0x00000073eaf00000,0x00000073eb000000) (1024K)]
  0x0000020ded44a040 JavaThread "ForkJoinPool.commonPool-worker-11" daemon [_thread_blocked, id=29832, stack(0x00000073eb300000,0x00000073eb400000) (1024K)]
  0x0000020ded448600 JavaThread "ForkJoinPool.commonPool-worker-12" daemon [_thread_blocked, id=31580, stack(0x00000073eb400000,0x00000073eb500000) (1024K)]
  0x0000020ded449320 JavaThread "ForkJoinPool.commonPool-worker-15" daemon [_thread_blocked, id=15320, stack(0x00000073eb700000,0x00000073eb800000) (1024K)]
  0x0000020df095e220 JavaThread "PatternSearchJob-worker-2"  daemon [_thread_blocked, id=12328, stack(0x00000073e7700000,0x00000073e7800000) (1024K)]
  0x0000020ded4a4600 JavaThread "Cleaner-0"                  daemon [_thread_blocked, id=5072, stack(0x00000073eba00000,0x00000073ebb00000) (1024K)]
  0x0000020deabd5520 JavaThread "Java Debug Server"          daemon [_thread_in_native, id=20252, stack(0x00000073ebb00000,0x00000073ebc00000) (1024K)]
  0x0000020ded49b5a0 JavaThread "PatternSearchJob-worker-3"  daemon [_thread_blocked, id=21780, stack(0x00000073ebd00000,0x00000073ebe00000) (1024K)]
  0x0000020dfcc44e00 JavaThread "PatternSearchJob-worker-4"  daemon [_thread_blocked, id=22120, stack(0x00000073ebe00000,0x00000073ebf00000) (1024K)]
  0x0000020dfd720390 JavaThread "PatternSearchJob-worker-5"  daemon [_thread_blocked, id=19800, stack(0x00000073ebf00000,0x00000073ec000000) (1024K)]
  0x0000020dfcc45490 JavaThread "PatternSearchJob-worker-6"  daemon [_thread_blocked, id=21100, stack(0x00000073ec000000,0x00000073ec100000) (1024K)]
  0x0000020deba79960 JavaThread "PatternSearchJob-worker-7"  daemon [_thread_blocked, id=25716, stack(0x00000073ec100000,0x00000073ec200000) (1024K)]
  0x0000020defd22e00 JavaThread "PatternSearchJob-worker-8"  daemon [_thread_blocked, id=3812, stack(0x00000073ec200000,0x00000073ec300000) (1024K)]
  0x0000020deed9b630 JavaThread "PatternSearchJob-worker-10" daemon [_thread_blocked, id=19308, stack(0x00000073ec400000,0x00000073ec500000) (1024K)]
  0x0000020dfc8ae610 JavaThread "PatternSearchJob-worker-11" daemon [_thread_blocked, id=28572, stack(0x00000073ec500000,0x00000073ec600000) (1024K)]
  0x0000020ded49c2c0 JavaThread "PatternSearchJob-worker-12" daemon [_thread_blocked, id=9020, stack(0x00000073ec600000,0x00000073ec700000) (1024K)]
  0x0000020deba79ff0 JavaThread "PatternSearchJob-worker-13" daemon [_thread_blocked, id=29160, stack(0x00000073ec700000,0x00000073ec800000) (1024K)]
  0x0000020dfcc45b20 JavaThread "PatternSearchJob-worker-14" daemon [_thread_blocked, id=21256, stack(0x00000073ec800000,0x00000073ec900000) (1024K)]
  0x0000020dfd71fd00 JavaThread "PatternSearchJob-worker-15" daemon [_thread_blocked, id=17972, stack(0x00000073ec900000,0x00000073eca00000) (1024K)]
  0x0000020deba7ba30 JavaThread "RxSchedulerPurge-1"         daemon [_thread_blocked, id=25832, stack(0x00000073eca00000,0x00000073ecb00000) (1024K)]
  0x0000020deba7ad10 JavaThread "RxCachedWorkerPoolEvictor-1" daemon [_thread_blocked, id=3660, stack(0x00000073ecb00000,0x00000073ecc00000) (1024K)]
  0x0000020defd25bf0 JavaThread "Worker-7"                          [_thread_blocked, id=14040, stack(0x00000073e5100000,0x00000073e5200000) (1024K)]
  0x0000020ded49cfe0 JavaThread "pool-14-thread-3"                  [_thread_in_native, id=30500, stack(0x00000073e2b00000,0x00000073e2c00000) (1024K)]
  0x0000020deba7b3a0 JavaThread "RxNewThreadScheduler-7"     daemon [_thread_blocked, id=26992, stack(0x00000073e2c00000,0x00000073e2d00000) (1024K)]
  0x0000020deed9c9e0 JavaThread "process reaper (pid 6600)"  daemon [_thread_in_native, id=28392, stack(0x00000073e2780000,0x00000073e27a0000) (128K)]
  0x0000020defa62ef0 JavaThread "ForkJoinPool.commonPool-worker-16" daemon [_thread_blocked, id=19384, stack(0x00000073e5400000,0x00000073e5500000) (1024K)]
  0x0000020df095e8b0 JavaThread "Worker-9"                          [_thread_blocked, id=21648, stack(0x00000073e7800000,0x00000073e7900000) (1024K)]
  0x0000020dfc8af9c0 JavaThread "pool-14-thread-4"                  [_thread_in_native, id=31372, stack(0x00000073e7900000,0x00000073e7a00000) (1024K)]
  0x0000020defd24ed0 JavaThread "RxNewThreadScheduler-9"     daemon [_thread_blocked, id=28396, stack(0x00000073e7a00000,0x00000073e7b00000) (1024K)]
  0x0000020dfc8af330 JavaThread "process reaper (pid 10736)" daemon [_thread_in_native, id=18444, stack(0x00000073e27a0000,0x00000073e27c0000) (128K)]
  0x0000020df095ef40 JavaThread "pool-14-thread-5"                  [_thread_in_native, id=14624, stack(0x00000073e4400000,0x00000073e4500000) (1024K)]
  0x0000020deabd5bb0 JavaThread "RxNewThreadScheduler-11"    daemon [_thread_blocked, id=26696, stack(0x00000073e7b00000,0x00000073e7c00000) (1024K)]
  0x0000020dec25a4c0 JavaThread "process reaper (pid 20432)" daemon [_thread_in_native, id=7180, stack(0x00000073e27c0000,0x00000073e27e0000) (128K)]
  0x0000020dfc8aeca0 JavaThread "Worker-10"                         [_thread_blocked, id=17052, stack(0x00000073e5800000,0x00000073e5900000) (1024K)]
  0x0000020defa63580 JavaThread "ForkJoinPool.commonPool-worker-17" daemon [_thread_blocked, id=10108, stack(0x00000073e5c00000,0x00000073e5d00000) (1024K)]
  0x0000020dfcbb1c70 JavaThread "pool-14-thread-6"                  [_thread_in_native, id=13512, stack(0x00000073e5500000,0x00000073e5600000) (1024K)]
  0x0000020deb2ce4f0 JavaThread "RxNewThreadScheduler-13"    daemon [_thread_blocked, id=11632, stack(0x00000073e5b00000,0x00000073e5c00000) (1024K)]
  0x0000020deba7c0c0 JavaThread "process reaper (pid 22060)" daemon [_thread_in_native, id=10092, stack(0x00000073e27e0000,0x00000073e2800000) (128K)]
  0x0000020deba792d0 JavaThread "pool-14-thread-7"                  [_thread_in_native, id=12840, stack(0x00000073e7e00000,0x00000073e7f00000) (1024K)]
  0x0000020def75c590 JavaThread "RxNewThreadScheduler-15"    daemon [_thread_blocked, id=14164, stack(0x00000073e7f00000,0x00000073e8000000) (1024K)]
  0x0000020defd26280 JavaThread "process reaper (pid 24668)" daemon [_thread_in_native, id=24108, stack(0x00000073e8000000,0x00000073e8020000) (128K)]
  0x0000020debdb9390 JavaThread "C2 CompilerThread1"         daemon [_thread_blocked, id=7112, stack(0x00000073e6100000,0x00000073e6200000) (1024K)]
  0x0000020debdb8cc0 JavaThread "C2 CompilerThread2"         daemon [_thread_blocked, id=23576, stack(0x00000073e6200000,0x00000073e6300000) (1024K)]
  0x0000020dfd249bd0 JavaThread "pool-14-thread-8"                  [_thread_in_native, id=13960, stack(0x00000073e5d00000,0x00000073e5e00000) (1024K)]
  0x0000020def6f11f0 JavaThread "RxNewThreadScheduler-17"    daemon [_thread_new, id=21616, stack(0x0000000000000000,0x0000000000000000) (0B)]
Total: 89

Other Threads:
  0x0000020da447af80 VMThread "VM Thread"                           [id=4212, stack(0x00000073e3400000,0x00000073e3500000) (1024K)]
  0x0000020da4467790 WatcherThread "VM Periodic Task Thread"        [id=30056, stack(0x00000073e3300000,0x00000073e3400000) (1024K)]
  0x0000020d8d64f2c0 WorkerThread "GC Thread#0"                     [id=18828, stack(0x00000073e2e00000,0x00000073e2f00000) (1024K)]
  0x0000020dea43fe00 WorkerThread "GC Thread#1"                     [id=20672, stack(0x00000073e4500000,0x00000073e4600000) (1024K)]
  0x0000020dea105240 WorkerThread "GC Thread#2"                     [id=29772, stack(0x00000073e4600000,0x00000073e4700000) (1024K)]
  0x0000020dea1059f0 WorkerThread "GC Thread#3"                     [id=4520, stack(0x00000073e4700000,0x00000073e4800000) (1024K)]
  0x0000020dea10a520 WorkerThread "GC Thread#4"                     [id=17680, stack(0x00000073e4800000,0x00000073e4900000) (1024K)]
  0x0000020dea10ace0 WorkerThread "GC Thread#5"                     [id=11332, stack(0x00000073e4900000,0x00000073e4a00000) (1024K)]
  0x0000020dea3645d0 WorkerThread "GC Thread#6"                     [id=2940, stack(0x00000073e4a00000,0x00000073e4b00000) (1024K)]
  0x0000020dea364980 WorkerThread "GC Thread#7"                     [id=4524, stack(0x00000073e4b00000,0x00000073e4c00000) (1024K)]
  0x0000020dea365b50 WorkerThread "GC Thread#8"                     [id=26424, stack(0x00000073e4c00000,0x00000073e4d00000) (1024K)]
  0x0000020dea366520 WorkerThread "GC Thread#9"                     [id=30128, stack(0x00000073e4d00000,0x00000073e4e00000) (1024K)]
  0x0000020dea3668d0 WorkerThread "GC Thread#10"                    [id=29964, stack(0x00000073e4e00000,0x00000073e4f00000) (1024K)]
  0x0000020dea366c80 WorkerThread "GC Thread#11"                    [id=30308, stack(0x00000073e4f00000,0x00000073e5000000) (1024K)]
  0x0000020dea3bc3a0 WorkerThread "GC Thread#12"                    [id=20556, stack(0x00000073e5000000,0x00000073e5100000) (1024K)]
  0x0000020d8d6599e0 ConcurrentGCThread "G1 Main Marker"            [id=21408, stack(0x00000073e2f00000,0x00000073e3000000) (1024K)]
  0x0000020d8d65a400 WorkerThread "G1 Conc#0"                       [id=20516, stack(0x00000073e3000000,0x00000073e3100000) (1024K)]
  0x0000020deab81eb0 WorkerThread "G1 Conc#1"                       [id=10860, stack(0x00000073e5900000,0x00000073e5a00000) (1024K)]
  0x0000020deab80ff0 WorkerThread "G1 Conc#2"                       [id=25320, stack(0x00000073e5a00000,0x00000073e5b00000) (1024K)]
  0x0000020da433b2d0 ConcurrentGCThread "G1 Refine#0"               [id=23524, stack(0x00000073e3100000,0x00000073e3200000) (1024K)]
  0x0000020da433bb00 ConcurrentGCThread "G1 Service"                [id=28268, stack(0x00000073e3200000,0x00000073e3300000) (1024K)]
Total: 21

Threads with active compile tasks:
C2 CompilerThread0  1178780 23910   !   4       org.eclipse.aether.internal.impl.DefaultArtifactResolver::resolve (1386 bytes)
Total: 1

VM state: not at safepoint (normal execution)

VM Mutex/Monitor currently owned by a thread: None

Heap address: 0x00000000c0000000, size: 1024 MB, Compressed Oops mode: 32-bit

CDS archive(s) mapped at: [0x0000020da5000000-0x0000020da5ba0000-0x0000020da5ba0000), size 12189696, SharedBaseAddress: 0x0000020da5000000, ArchiveRelocationMode: 1.
Compressed class space mapped at: 0x0000020da6000000-0x0000020de6000000, reserved size: 1073741824
Narrow klass base: 0x0000020da5000000, Narrow klass shift: 0, Narrow klass range: 0x100000000

GC Precious Log:
 CardTable entry size: 512
 Card Set container configuration: InlinePtr #cards 5 size 8 Array Of Cards #cards 12 size 40 Howl #buckets 4 coarsen threshold 1843 Howl Bitmap #cards 512 size 80 coarsen threshold 460 Card regions per heap region 1 cards per card region 2048
 CPUs: 16 total, 16 available
 Memory: 16068M
 Large Page Support: Disabled
 NUMA Support: Disabled
 Compressed Oops: Enabled (32-bit)
 Heap Region Size: 1M
 Heap Min Capacity: 256M
 Heap Initial Capacity: 256M
 Heap Max Capacity: 1G
 Pre-touch: Disabled
 Parallel Workers: 13
 Concurrent Workers: 3
 Concurrent Refinement Workers: 13
 Periodic GC: Disabled
 String Deduplication is enabled

Heap:
 garbage-first heap   total 481280K, used 169083K [0x00000000c0000000, 0x0000000100000000)
  region size 1024K, 33 young (33792K), 16 survivors (16384K)
 Metaspace       used 95752K, committed 97792K, reserved 1179648K
  class space    used 10227K, committed 11200K, reserved 1048576K

Heap Regions: E=young(eden), S=young(survivor), O=old, HS=humongous(starts), HC=humongous(continues), CS=collection set, F=free, TAMS=top-at-mark-start, PB=parsable bottom
|   0|0x00000000c0000000, 0x00000000c0100000, 0x00000000c0100000|100%| O|  |TAMS 0x00000000c0000000| PB 0x00000000c0000000| Untracked 
|   1|0x00000000c0100000, 0x00000000c0200000, 0x00000000c0200000|100%| O|  |TAMS 0x00000000c0100000| PB 0x00000000c0100000| Untracked 
|   2|0x00000000c0200000, 0x00000000c0300000, 0x00000000c0300000|100%| O|  |TAMS 0x00000000c0200000| PB 0x00000000c0200000| Untracked 
|   3|0x00000000c0300000, 0x00000000c0400000, 0x00000000c0400000|100%| O|  |TAMS 0x00000000c0300000| PB 0x00000000c0300000| Untracked 
|   4|0x00000000c0400000, 0x00000000c0500000, 0x00000000c0500000|100%|HS|  |TAMS 0x00000000c0400000| PB 0x00000000c0400000| Complete 
|   5|0x00000000c0500000, 0x00000000c0600000, 0x00000000c0600000|100%| O|  |TAMS 0x00000000c0500000| PB 0x00000000c0500000| Untracked 
|   6|0x00000000c0600000, 0x00000000c0700000, 0x00000000c0700000|100%| O|  |TAMS 0x00000000c0600000| PB 0x00000000c0600000| Untracked 
|   7|0x00000000c0700000, 0x00000000c0800000, 0x00000000c0800000|100%| O|  |TAMS 0x00000000c0700000| PB 0x00000000c0700000| Untracked 
|   8|0x00000000c0800000, 0x00000000c0900000, 0x00000000c0900000|100%| O|  |TAMS 0x00000000c0800000| PB 0x00000000c0800000| Untracked 
|   9|0x00000000c0900000, 0x00000000c0a00000, 0x00000000c0a00000|100%| O|  |TAMS 0x00000000c0900000| PB 0x00000000c0900000| Untracked 
|  10|0x00000000c0a00000, 0x00000000c0b00000, 0x00000000c0b00000|100%| O|  |TAMS 0x00000000c0a00000| PB 0x00000000c0a00000| Untracked 
|  11|0x00000000c0b00000, 0x00000000c0c00000, 0x00000000c0c00000|100%| O|  |TAMS 0x00000000c0b00000| PB 0x00000000c0b00000| Untracked 
|  12|0x00000000c0c00000, 0x00000000c0d00000, 0x00000000c0d00000|100%| O|  |TAMS 0x00000000c0c00000| PB 0x00000000c0c00000| Untracked 
|  13|0x00000000c0d00000, 0x00000000c0e00000, 0x00000000c0e00000|100%| O|  |TAMS 0x00000000c0d00000| PB 0x00000000c0d00000| Untracked 
|  14|0x00000000c0e00000, 0x00000000c0f00000, 0x00000000c0f00000|100%| O|  |TAMS 0x00000000c0e00000| PB 0x00000000c0e00000| Untracked 
|  15|0x00000000c0f00000, 0x00000000c1000000, 0x00000000c1000000|100%| O|  |TAMS 0x00000000c0f00000| PB 0x00000000c0f00000| Untracked 
|  16|0x00000000c1000000, 0x00000000c1100000, 0x00000000c1100000|100%| O|  |TAMS 0x00000000c1000000| PB 0x00000000c1000000| Untracked 
|  17|0x00000000c1100000, 0x00000000c1200000, 0x00000000c1200000|100%| O|  |TAMS 0x00000000c1100000| PB 0x00000000c1100000| Untracked 
|  18|0x00000000c1200000, 0x00000000c1300000, 0x00000000c1300000|100%| O|  |TAMS 0x00000000c1200000| PB 0x00000000c1200000| Untracked 
|  19|0x00000000c1300000, 0x00000000c1400000, 0x00000000c1400000|100%| O|  |TAMS 0x00000000c1300000| PB 0x00000000c1300000| Untracked 
|  20|0x00000000c1400000, 0x00000000c1500000, 0x00000000c1500000|100%| O|  |TAMS 0x00000000c1400000| PB 0x00000000c1400000| Untracked 
|  21|0x00000000c1500000, 0x00000000c1600000, 0x00000000c1600000|100%| O|  |TAMS 0x00000000c1500000| PB 0x00000000c1500000| Untracked 
|  22|0x00000000c1600000, 0x00000000c1700000, 0x00000000c1700000|100%| O|  |TAMS 0x00000000c1600000| PB 0x00000000c1600000| Untracked 
|  23|0x00000000c1700000, 0x00000000c1800000, 0x00000000c1800000|100%| O|  |TAMS 0x00000000c1700000| PB 0x00000000c1700000| Untracked 
|  24|0x00000000c1800000, 0x00000000c1900000, 0x00000000c1900000|100%| O|  |TAMS 0x00000000c1800000| PB 0x00000000c1800000| Untracked 
|  25|0x00000000c1900000, 0x00000000c1a00000, 0x00000000c1a00000|100%| O|  |TAMS 0x00000000c1900000| PB 0x00000000c1900000| Untracked 
|  26|0x00000000c1a00000, 0x00000000c1b00000, 0x00000000c1b00000|100%| O|  |TAMS 0x00000000c1a00000| PB 0x00000000c1a00000| Untracked 
|  27|0x00000000c1b00000, 0x00000000c1c00000, 0x00000000c1c00000|100%| O|Cm|TAMS 0x00000000c1b00000| PB 0x00000000c1b00000| Complete 
|  28|0x00000000c1c00000, 0x00000000c1d00000, 0x00000000c1d00000|100%| O|  |TAMS 0x00000000c1c00000| PB 0x00000000c1c00000| Untracked 
|  29|0x00000000c1d00000, 0x00000000c1e00000, 0x00000000c1e00000|100%| O|  |TAMS 0x00000000c1d00000| PB 0x00000000c1d00000| Untracked 
|  30|0x00000000c1e00000, 0x00000000c1f00000, 0x00000000c1f00000|100%| O|  |TAMS 0x00000000c1e00000| PB 0x00000000c1e00000| Untracked 
|  31|0x00000000c1f00000, 0x00000000c2000000, 0x00000000c2000000|100%| O|  |TAMS 0x00000000c1f00000| PB 0x00000000c1f00000| Untracked 
|  32|0x00000000c2000000, 0x00000000c2100000, 0x00000000c2100000|100%| O|  |TAMS 0x00000000c2000000| PB 0x00000000c2000000| Untracked 
|  33|0x00000000c2100000, 0x00000000c2200000, 0x00000000c2200000|100%| O|  |TAMS 0x00000000c2100000| PB 0x00000000c2100000| Untracked 
|  34|0x00000000c2200000, 0x00000000c2300000, 0x00000000c2300000|100%| O|  |TAMS 0x00000000c2200000| PB 0x00000000c2200000| Untracked 
|  35|0x00000000c2300000, 0x00000000c2400000, 0x00000000c2400000|100%| O|  |TAMS 0x00000000c2300000| PB 0x00000000c2300000| Untracked 
|  36|0x00000000c2400000, 0x00000000c2500000, 0x00000000c2500000|100%| O|  |TAMS 0x00000000c2400000| PB 0x00000000c2400000| Untracked 
|  37|0x00000000c2500000, 0x00000000c2600000, 0x00000000c2600000|100%| O|  |TAMS 0x00000000c2500000| PB 0x00000000c2500000| Untracked 
|  38|0x00000000c2600000, 0x00000000c2700000, 0x00000000c2700000|100%| O|  |TAMS 0x00000000c2600000| PB 0x00000000c2600000| Untracked 
|  39|0x00000000c2700000, 0x00000000c2800000, 0x00000000c2800000|100%| O|  |TAMS 0x00000000c2700000| PB 0x00000000c2700000| Untracked 
|  40|0x00000000c2800000, 0x00000000c2900000, 0x00000000c2900000|100%| O|  |TAMS 0x00000000c2800000| PB 0x00000000c2800000| Untracked 
|  41|0x00000000c2900000, 0x00000000c2a00000, 0x00000000c2a00000|100%| O|  |TAMS 0x00000000c2900000| PB 0x00000000c2900000| Untracked 
|  42|0x00000000c2a00000, 0x00000000c2b00000, 0x00000000c2b00000|100%| O|Cm|TAMS 0x00000000c2a00000| PB 0x00000000c2a00000| Complete 
|  43|0x00000000c2b00000, 0x00000000c2c00000, 0x00000000c2c00000|100%| O|  |TAMS 0x00000000c2b00000| PB 0x00000000c2b00000| Untracked 
|  44|0x00000000c2c00000, 0x00000000c2d00000, 0x00000000c2d00000|100%| O|  |TAMS 0x00000000c2c00000| PB 0x00000000c2c00000| Untracked 
|  45|0x00000000c2d00000, 0x00000000c2e00000, 0x00000000c2e00000|100%| O|  |TAMS 0x00000000c2d00000| PB 0x00000000c2d00000| Untracked 
|  46|0x00000000c2e00000, 0x00000000c2f00000, 0x00000000c2f00000|100%| O|  |TAMS 0x00000000c2e00000| PB 0x00000000c2e00000| Untracked 
|  47|0x00000000c2f00000, 0x00000000c3000000, 0x00000000c3000000|100%| O|  |TAMS 0x00000000c2f00000| PB 0x00000000c2f00000| Untracked 
|  48|0x00000000c3000000, 0x00000000c3100000, 0x00000000c3100000|100%| O|  |TAMS 0x00000000c3000000| PB 0x00000000c3000000| Untracked 
|  49|0x00000000c3100000, 0x00000000c3200000, 0x00000000c3200000|100%| O|  |TAMS 0x00000000c3100000| PB 0x00000000c3100000| Untracked 
|  50|0x00000000c3200000, 0x00000000c3300000, 0x00000000c3300000|100%| O|  |TAMS 0x00000000c3200000| PB 0x00000000c3200000| Untracked 
|  51|0x00000000c3300000, 0x00000000c3400000, 0x00000000c3400000|100%| O|Cm|TAMS 0x00000000c3300000| PB 0x00000000c3300000| Complete 
|  52|0x00000000c3400000, 0x00000000c3500000, 0x00000000c3500000|100%| O|  |TAMS 0x00000000c3400000| PB 0x00000000c3400000| Untracked 
|  53|0x00000000c3500000, 0x00000000c3600000, 0x00000000c3600000|100%| O|  |TAMS 0x00000000c3500000| PB 0x00000000c3500000| Untracked 
|  54|0x00000000c3600000, 0x00000000c3700000, 0x00000000c3700000|100%| O|Cm|TAMS 0x00000000c3600000| PB 0x00000000c3600000| Complete 
|  55|0x00000000c3700000, 0x00000000c3800000, 0x00000000c3800000|100%| O|  |TAMS 0x00000000c3700000| PB 0x00000000c3700000| Untracked 
|  56|0x00000000c3800000, 0x00000000c3900000, 0x00000000c3900000|100%| O|  |TAMS 0x00000000c3800000| PB 0x00000000c3800000| Untracked 
|  57|0x00000000c3900000, 0x00000000c39c7188, 0x00000000c3a00000| 77%| O|  |TAMS 0x00000000c3900000| PB 0x00000000c3900000| Untracked 
|  58|0x00000000c3a00000, 0x00000000c3b00000, 0x00000000c3b00000|100%| O|  |TAMS 0x00000000c3a00000| PB 0x00000000c3a00000| Untracked 
|  59|0x00000000c3b00000, 0x00000000c3c00000, 0x00000000c3c00000|100%| O|  |TAMS 0x00000000c3b00000| PB 0x00000000c3b00000| Untracked 
|  60|0x00000000c3c00000, 0x00000000c3d00000, 0x00000000c3d00000|100%| O|  |TAMS 0x00000000c3c00000| PB 0x00000000c3c00000| Untracked 
|  61|0x00000000c3d00000, 0x00000000c3e00000, 0x00000000c3e00000|100%|HS|  |TAMS 0x00000000c3d00000| PB 0x00000000c3d00000| Complete 
|  62|0x00000000c3e00000, 0x00000000c3f00000, 0x00000000c3f00000|100%| O|  |TAMS 0x00000000c3e00000| PB 0x00000000c3e00000| Untracked 
|  63|0x00000000c3f00000, 0x00000000c4000000, 0x00000000c4000000|100%|HS|  |TAMS 0x00000000c3f00000| PB 0x00000000c3f00000| Complete 
|  64|0x00000000c4000000, 0x00000000c4100000, 0x00000000c4100000|100%|HS|  |TAMS 0x00000000c4000000| PB 0x00000000c4000000| Complete 
|  65|0x00000000c4100000, 0x00000000c4200000, 0x00000000c4200000|100%|HS|  |TAMS 0x00000000c4100000| PB 0x00000000c4100000| Complete 
|  66|0x00000000c4200000, 0x00000000c4200000, 0x00000000c4300000|  0%| F|  |TAMS 0x00000000c4200000| PB 0x00000000c4200000| Untracked 
|  67|0x00000000c4300000, 0x00000000c4300000, 0x00000000c4400000|  0%| F|  |TAMS 0x00000000c4300000| PB 0x00000000c4300000| Untracked 
|  68|0x00000000c4400000, 0x00000000c4500000, 0x00000000c4500000|100%| O|Cm|TAMS 0x00000000c4400000| PB 0x00000000c4400000| Complete 
|  69|0x00000000c4500000, 0x00000000c4600000, 0x00000000c4600000|100%| O|  |TAMS 0x00000000c4500000| PB 0x00000000c4500000| Untracked 
|  70|0x00000000c4600000, 0x00000000c4700000, 0x00000000c4700000|100%| O|  |TAMS 0x00000000c4600000| PB 0x00000000c4600000| Untracked 
|  71|0x00000000c4700000, 0x00000000c4700000, 0x00000000c4800000|  0%| F|  |TAMS 0x00000000c4700000| PB 0x00000000c4700000| Untracked 
|  72|0x00000000c4800000, 0x00000000c4900000, 0x00000000c4900000|100%| O|  |TAMS 0x00000000c4800000| PB 0x00000000c4800000| Untracked 
|  73|0x00000000c4900000, 0x00000000c4a00000, 0x00000000c4a00000|100%| O|  |TAMS 0x00000000c4900000| PB 0x00000000c4900000| Untracked 
|  74|0x00000000c4a00000, 0x00000000c4b00000, 0x00000000c4b00000|100%| O|  |TAMS 0x00000000c4a00000| PB 0x00000000c4a00000| Untracked 
|  75|0x00000000c4b00000, 0x00000000c4c00000, 0x00000000c4c00000|100%| O|  |TAMS 0x00000000c4b00000| PB 0x00000000c4b00000| Untracked 
|  76|0x00000000c4c00000, 0x00000000c4d00000, 0x00000000c4d00000|100%| O|  |TAMS 0x00000000c4c00000| PB 0x00000000c4c00000| Untracked 
|  77|0x00000000c4d00000, 0x00000000c4e00000, 0x00000000c4e00000|100%| O|  |TAMS 0x00000000c4d00000| PB 0x00000000c4d00000| Untracked 
|  78|0x00000000c4e00000, 0x00000000c4f00000, 0x00000000c4f00000|100%| O|  |TAMS 0x00000000c4e00000| PB 0x00000000c4e00000| Untracked 
|  79|0x00000000c4f00000, 0x00000000c5000000, 0x00000000c5000000|100%| O|  |TAMS 0x00000000c4f00000| PB 0x00000000c4f00000| Untracked 
|  80|0x00000000c5000000, 0x00000000c5100000, 0x00000000c5100000|100%| O|  |TAMS 0x00000000c5000000| PB 0x00000000c5000000| Untracked 
|  81|0x00000000c5100000, 0x00000000c5200000, 0x00000000c5200000|100%| O|  |TAMS 0x00000000c5100000| PB 0x00000000c5100000| Untracked 
|  82|0x00000000c5200000, 0x00000000c5300000, 0x00000000c5300000|100%| O|  |TAMS 0x00000000c5200000| PB 0x00000000c5200000| Untracked 
|  83|0x00000000c5300000, 0x00000000c5400000, 0x00000000c5400000|100%|HS|  |TAMS 0x00000000c5300000| PB 0x00000000c5300000| Complete 
|  84|0x00000000c5400000, 0x00000000c5400000, 0x00000000c5500000|  0%| F|  |TAMS 0x00000000c5400000| PB 0x00000000c5400000| Untracked 
|  85|0x00000000c5500000, 0x00000000c5500000, 0x00000000c5600000|  0%| F|  |TAMS 0x00000000c5500000| PB 0x00000000c5500000| Untracked 
|  86|0x00000000c5600000, 0x00000000c5700000, 0x00000000c5700000|100%| O|  |TAMS 0x00000000c5600000| PB 0x00000000c5600000| Untracked 
|  87|0x00000000c5700000, 0x00000000c5800000, 0x00000000c5800000|100%| O|  |TAMS 0x00000000c5700000| PB 0x00000000c5700000| Untracked 
|  88|0x00000000c5800000, 0x00000000c5900000, 0x00000000c5900000|100%| O|  |TAMS 0x00000000c5800000| PB 0x00000000c5800000| Untracked 
|  89|0x00000000c5900000, 0x00000000c5900000, 0x00000000c5a00000|  0%| F|  |TAMS 0x00000000c5900000| PB 0x00000000c5900000| Untracked 
|  90|0x00000000c5a00000, 0x00000000c5b00000, 0x00000000c5b00000|100%| O|  |TAMS 0x00000000c5a00000| PB 0x00000000c5a00000| Untracked 
|  91|0x00000000c5b00000, 0x00000000c5c00000, 0x00000000c5c00000|100%| O|  |TAMS 0x00000000c5b00000| PB 0x00000000c5b00000| Untracked 
|  92|0x00000000c5c00000, 0x00000000c5d00000, 0x00000000c5d00000|100%| O|  |TAMS 0x00000000c5c00000| PB 0x00000000c5c00000| Untracked 
|  93|0x00000000c5d00000, 0x00000000c5e00000, 0x00000000c5e00000|100%| O|  |TAMS 0x00000000c5d00000| PB 0x00000000c5d00000| Untracked 
|  94|0x00000000c5e00000, 0x00000000c5e00000, 0x00000000c5f00000|  0%| F|  |TAMS 0x00000000c5e00000| PB 0x00000000c5e00000| Untracked 
|  95|0x00000000c5f00000, 0x00000000c6000000, 0x00000000c6000000|100%| O|  |TAMS 0x00000000c5f00000| PB 0x00000000c5f00000| Untracked 
|  96|0x00000000c6000000, 0x00000000c6100000, 0x00000000c6100000|100%| O|  |TAMS 0x00000000c6000000| PB 0x00000000c6000000| Untracked 
|  97|0x00000000c6100000, 0x00000000c6200000, 0x00000000c6200000|100%| O|  |TAMS 0x00000000c6100000| PB 0x00000000c6100000| Untracked 
|  98|0x00000000c6200000, 0x00000000c6200000, 0x00000000c6300000|  0%| F|  |TAMS 0x00000000c6200000| PB 0x00000000c6200000| Untracked 
|  99|0x00000000c6300000, 0x00000000c6300000, 0x00000000c6400000|  0%| F|  |TAMS 0x00000000c6300000| PB 0x00000000c6300000| Untracked 
| 100|0x00000000c6400000, 0x00000000c6500000, 0x00000000c6500000|100%| O|  |TAMS 0x00000000c6400000| PB 0x00000000c6400000| Untracked 
| 101|0x00000000c6500000, 0x00000000c6500000, 0x00000000c6600000|  0%| F|  |TAMS 0x00000000c6500000| PB 0x00000000c6500000| Untracked 
| 102|0x00000000c6600000, 0x00000000c6600000, 0x00000000c6700000|  0%| F|  |TAMS 0x00000000c6600000| PB 0x00000000c6600000| Untracked 
| 103|0x00000000c6700000, 0x00000000c6700000, 0x00000000c6800000|  0%| F|  |TAMS 0x00000000c6700000| PB 0x00000000c6700000| Untracked 
| 104|0x00000000c6800000, 0x00000000c6800000, 0x00000000c6900000|  0%| F|  |TAMS 0x00000000c6800000| PB 0x00000000c6800000| Untracked 
| 105|0x00000000c6900000, 0x00000000c6900000, 0x00000000c6a00000|  0%| F|  |TAMS 0x00000000c6900000| PB 0x00000000c6900000| Untracked 
| 106|0x00000000c6a00000, 0x00000000c6b00000, 0x00000000c6b00000|100%| O|Cm|TAMS 0x00000000c6a00000| PB 0x00000000c6a00000| Complete 
| 107|0x00000000c6b00000, 0x00000000c6c00000, 0x00000000c6c00000|100%| O|  |TAMS 0x00000000c6b00000| PB 0x00000000c6b00000| Untracked 
| 108|0x00000000c6c00000, 0x00000000c6d00000, 0x00000000c6d00000|100%| O|  |TAMS 0x00000000c6c00000| PB 0x00000000c6c00000| Untracked 
| 109|0x00000000c6d00000, 0x00000000c6e00000, 0x00000000c6e00000|100%| O|  |TAMS 0x00000000c6d00000| PB 0x00000000c6d00000| Untracked 
| 110|0x00000000c6e00000, 0x00000000c6e00000, 0x00000000c6f00000|  0%| F|  |TAMS 0x00000000c6e00000| PB 0x00000000c6e00000| Untracked 
| 111|0x00000000c6f00000, 0x00000000c7000000, 0x00000000c7000000|100%| O|  |TAMS 0x00000000c6f00000| PB 0x00000000c6f00000| Untracked 
| 112|0x00000000c7000000, 0x00000000c7100000, 0x00000000c7100000|100%| O|  |TAMS 0x00000000c7000000| PB 0x00000000c7000000| Untracked 
| 113|0x00000000c7100000, 0x00000000c7100000, 0x00000000c7200000|  0%| F|  |TAMS 0x00000000c7100000| PB 0x00000000c7100000| Untracked 
| 114|0x00000000c7200000, 0x00000000c7300000, 0x00000000c7300000|100%| O|  |TAMS 0x00000000c7200000| PB 0x00000000c7200000| Untracked 
| 115|0x00000000c7300000, 0x00000000c7300000, 0x00000000c7400000|  0%| F|  |TAMS 0x00000000c7300000| PB 0x00000000c7300000| Untracked 
| 116|0x00000000c7400000, 0x00000000c7400000, 0x00000000c7500000|  0%| F|  |TAMS 0x00000000c7400000| PB 0x00000000c7400000| Untracked 
| 117|0x00000000c7500000, 0x00000000c7500000, 0x00000000c7600000|  0%| F|  |TAMS 0x00000000c7500000| PB 0x00000000c7500000| Untracked 
| 118|0x00000000c7600000, 0x00000000c7600000, 0x00000000c7700000|  0%| F|  |TAMS 0x00000000c7600000| PB 0x00000000c7600000| Untracked 
| 119|0x00000000c7700000, 0x00000000c7800000, 0x00000000c7800000|100%| O|  |TAMS 0x00000000c7700000| PB 0x00000000c7700000| Untracked 
| 120|0x00000000c7800000, 0x00000000c7900000, 0x00000000c7900000|100%| O|  |TAMS 0x00000000c7800000| PB 0x00000000c7800000| Untracked 
| 121|0x00000000c7900000, 0x00000000c7a00000, 0x00000000c7a00000|100%| O|  |TAMS 0x00000000c7900000| PB 0x00000000c7900000| Untracked 
| 122|0x00000000c7a00000, 0x00000000c7b00000, 0x00000000c7b00000|100%| O|  |TAMS 0x00000000c7a00000| PB 0x00000000c7a00000| Untracked 
| 123|0x00000000c7b00000, 0x00000000c7b00000, 0x00000000c7c00000|  0%| F|  |TAMS 0x00000000c7b00000| PB 0x00000000c7b00000| Untracked 
| 124|0x00000000c7c00000, 0x00000000c7c00000, 0x00000000c7d00000|  0%| F|  |TAMS 0x00000000c7c00000| PB 0x00000000c7c00000| Untracked 
| 125|0x00000000c7d00000, 0x00000000c7d00000, 0x00000000c7e00000|  0%| F|  |TAMS 0x00000000c7d00000| PB 0x00000000c7d00000| Untracked 
| 126|0x00000000c7e00000, 0x00000000c7e00000, 0x00000000c7f00000|  0%| F|  |TAMS 0x00000000c7e00000| PB 0x00000000c7e00000| Untracked 
| 127|0x00000000c7f00000, 0x00000000c7f00000, 0x00000000c8000000|  0%| F|  |TAMS 0x00000000c7f00000| PB 0x00000000c7f00000| Untracked 
| 128|0x00000000c8000000, 0x00000000c8000000, 0x00000000c8100000|  0%| F|  |TAMS 0x00000000c8000000| PB 0x00000000c8000000| Untracked 
| 129|0x00000000c8100000, 0x00000000c8100000, 0x00000000c8200000|  0%| F|  |TAMS 0x00000000c8100000| PB 0x00000000c8100000| Untracked 
| 130|0x00000000c8200000, 0x00000000c8200000, 0x00000000c8300000|  0%| F|  |TAMS 0x00000000c8200000| PB 0x00000000c8200000| Untracked 
| 131|0x00000000c8300000, 0x00000000c8300000, 0x00000000c8400000|  0%| F|  |TAMS 0x00000000c8300000| PB 0x00000000c8300000| Untracked 
| 132|0x00000000c8400000, 0x00000000c8400000, 0x00000000c8500000|  0%| F|  |TAMS 0x00000000c8400000| PB 0x00000000c8400000| Untracked 
| 133|0x00000000c8500000, 0x00000000c8500000, 0x00000000c8600000|  0%| F|  |TAMS 0x00000000c8500000| PB 0x00000000c8500000| Untracked 
| 134|0x00000000c8600000, 0x00000000c8600000, 0x00000000c8700000|  0%| F|  |TAMS 0x00000000c8600000| PB 0x00000000c8600000| Untracked 
| 135|0x00000000c8700000, 0x00000000c8700000, 0x00000000c8800000|  0%| F|  |TAMS 0x00000000c8700000| PB 0x00000000c8700000| Untracked 
| 136|0x00000000c8800000, 0x00000000c8800000, 0x00000000c8900000|  0%| F|  |TAMS 0x00000000c8800000| PB 0x00000000c8800000| Untracked 
| 137|0x00000000c8900000, 0x00000000c8900000, 0x00000000c8a00000|  0%| F|  |TAMS 0x00000000c8900000| PB 0x00000000c8900000| Untracked 
| 138|0x00000000c8a00000, 0x00000000c8b00000, 0x00000000c8b00000|100%|HS|  |TAMS 0x00000000c8a00000| PB 0x00000000c8a00000| Complete 
| 139|0x00000000c8b00000, 0x00000000c8b00000, 0x00000000c8c00000|  0%| F|  |TAMS 0x00000000c8b00000| PB 0x00000000c8b00000| Untracked 
| 140|0x00000000c8c00000, 0x00000000c8c00000, 0x00000000c8d00000|  0%| F|  |TAMS 0x00000000c8c00000| PB 0x00000000c8c00000| Untracked 
| 141|0x00000000c8d00000, 0x00000000c8e00000, 0x00000000c8e00000|100%| O|  |TAMS 0x00000000c8d00000| PB 0x00000000c8d00000| Untracked 
| 142|0x00000000c8e00000, 0x00000000c8f00000, 0x00000000c8f00000|100%| O|  |TAMS 0x00000000c8e00000| PB 0x00000000c8e00000| Untracked 
| 143|0x00000000c8f00000, 0x00000000c9000000, 0x00000000c9000000|100%| O|  |TAMS 0x00000000c8f00000| PB 0x00000000c8f00000| Untracked 
| 144|0x00000000c9000000, 0x00000000c9100000, 0x00000000c9100000|100%| O|  |TAMS 0x00000000c9000000| PB 0x00000000c9000000| Untracked 
| 145|0x00000000c9100000, 0x00000000c9200000, 0x00000000c9200000|100%| O|  |TAMS 0x00000000c9100000| PB 0x00000000c9100000| Untracked 
| 146|0x00000000c9200000, 0x00000000c9200000, 0x00000000c9300000|  0%| F|  |TAMS 0x00000000c9200000| PB 0x00000000c9200000| Untracked 
| 147|0x00000000c9300000, 0x00000000c9300000, 0x00000000c9400000|  0%| F|  |TAMS 0x00000000c9300000| PB 0x00000000c9300000| Untracked 
| 148|0x00000000c9400000, 0x00000000c9500000, 0x00000000c9500000|100%| O|  |TAMS 0x00000000c9400000| PB 0x00000000c9400000| Untracked 
| 149|0x00000000c9500000, 0x00000000c9500000, 0x00000000c9600000|  0%| F|  |TAMS 0x00000000c9500000| PB 0x00000000c9500000| Untracked 
| 150|0x00000000c9600000, 0x00000000c9600000, 0x00000000c9700000|  0%| F|  |TAMS 0x00000000c9600000| PB 0x00000000c9600000| Untracked 
| 151|0x00000000c9700000, 0x00000000c9700000, 0x00000000c9800000|  0%| F|  |TAMS 0x00000000c9700000| PB 0x00000000c9700000| Untracked 
| 152|0x00000000c9800000, 0x00000000c9800000, 0x00000000c9900000|  0%| F|  |TAMS 0x00000000c9800000| PB 0x00000000c9800000| Untracked 
| 153|0x00000000c9900000, 0x00000000c9a00000, 0x00000000c9a00000|100%| O|Cm|TAMS 0x00000000c9900000| PB 0x00000000c9900000| Complete 
| 154|0x00000000c9a00000, 0x00000000c9b00000, 0x00000000c9b00000|100%| O|  |TAMS 0x00000000c9a00000| PB 0x00000000c9a00000| Untracked 
| 155|0x00000000c9b00000, 0x00000000c9b00000, 0x00000000c9c00000|  0%| F|  |TAMS 0x00000000c9b00000| PB 0x00000000c9b00000| Untracked 
| 156|0x00000000c9c00000, 0x00000000c9d00000, 0x00000000c9d00000|100%| O|Cm|TAMS 0x00000000c9c00000| PB 0x00000000c9c00000| Complete 
| 157|0x00000000c9d00000, 0x00000000c9d00000, 0x00000000c9e00000|  0%| F|  |TAMS 0x00000000c9d00000| PB 0x00000000c9d00000| Untracked 
| 158|0x00000000c9e00000, 0x00000000c9e00000, 0x00000000c9f00000|  0%| F|  |TAMS 0x00000000c9e00000| PB 0x00000000c9e00000| Untracked 
| 159|0x00000000c9f00000, 0x00000000c9f00000, 0x00000000ca000000|  0%| F|  |TAMS 0x00000000c9f00000| PB 0x00000000c9f00000| Untracked 
| 160|0x00000000ca000000, 0x00000000ca100000, 0x00000000ca100000|100%| O|  |TAMS 0x00000000ca000000| PB 0x00000000ca000000| Untracked 
| 161|0x00000000ca100000, 0x00000000ca200000, 0x00000000ca200000|100%| O|  |TAMS 0x00000000ca100000| PB 0x00000000ca100000| Untracked 
| 162|0x00000000ca200000, 0x00000000ca300000, 0x00000000ca300000|100%| O|  |TAMS 0x00000000ca200000| PB 0x00000000ca200000| Untracked 
| 163|0x00000000ca300000, 0x00000000ca400000, 0x00000000ca400000|100%| O|  |TAMS 0x00000000ca300000| PB 0x00000000ca300000| Untracked 
| 164|0x00000000ca400000, 0x00000000ca500000, 0x00000000ca500000|100%| O|  |TAMS 0x00000000ca400000| PB 0x00000000ca400000| Untracked 
| 165|0x00000000ca500000, 0x00000000ca600000, 0x00000000ca600000|100%| O|  |TAMS 0x00000000ca500000| PB 0x00000000ca500000| Untracked 
| 166|0x00000000ca600000, 0x00000000ca700000, 0x00000000ca700000|100%| O|  |TAMS 0x00000000ca600000| PB 0x00000000ca600000| Untracked 
| 167|0x00000000ca700000, 0x00000000ca800000, 0x00000000ca800000|100%| O|  |TAMS 0x00000000ca700000| PB 0x00000000ca700000| Untracked 
| 168|0x00000000ca800000, 0x00000000ca900000, 0x00000000ca900000|100%| O|  |TAMS 0x00000000ca800000| PB 0x00000000ca800000| Untracked 
| 169|0x00000000ca900000, 0x00000000caa00000, 0x00000000caa00000|100%| O|  |TAMS 0x00000000ca900000| PB 0x00000000ca900000| Untracked 
| 170|0x00000000caa00000, 0x00000000caa00000, 0x00000000cab00000|  0%| F|  |TAMS 0x00000000caa00000| PB 0x00000000caa00000| Untracked 
| 171|0x00000000cab00000, 0x00000000cab00000, 0x00000000cac00000|  0%| F|  |TAMS 0x00000000cab00000| PB 0x00000000cab00000| Untracked 
| 172|0x00000000cac00000, 0x00000000cac00000, 0x00000000cad00000|  0%| F|  |TAMS 0x00000000cac00000| PB 0x00000000cac00000| Untracked 
| 173|0x00000000cad00000, 0x00000000cad00000, 0x00000000cae00000|  0%| F|  |TAMS 0x00000000cad00000| PB 0x00000000cad00000| Untracked 
| 174|0x00000000cae00000, 0x00000000cae00000, 0x00000000caf00000|  0%| F|  |TAMS 0x00000000cae00000| PB 0x00000000cae00000| Untracked 
| 175|0x00000000caf00000, 0x00000000caf00000, 0x00000000cb000000|  0%| F|  |TAMS 0x00000000caf00000| PB 0x00000000caf00000| Untracked 
| 176|0x00000000cb000000, 0x00000000cb000000, 0x00000000cb100000|  0%| F|  |TAMS 0x00000000cb000000| PB 0x00000000cb000000| Untracked 
| 177|0x00000000cb100000, 0x00000000cb100000, 0x00000000cb200000|  0%| F|  |TAMS 0x00000000cb100000| PB 0x00000000cb100000| Untracked 
| 178|0x00000000cb200000, 0x00000000cb200000, 0x00000000cb300000|  0%| F|  |TAMS 0x00000000cb200000| PB 0x00000000cb200000| Untracked 
| 179|0x00000000cb300000, 0x00000000cb300000, 0x00000000cb400000|  0%| F|  |TAMS 0x00000000cb300000| PB 0x00000000cb300000| Untracked 
| 180|0x00000000cb400000, 0x00000000cb400000, 0x00000000cb500000|  0%| F|  |TAMS 0x00000000cb400000| PB 0x00000000cb400000| Untracked 
| 181|0x00000000cb500000, 0x00000000cb500000, 0x00000000cb600000|  0%| F|  |TAMS 0x00000000cb500000| PB 0x00000000cb500000| Untracked 
| 182|0x00000000cb600000, 0x00000000cb600000, 0x00000000cb700000|  0%| F|  |TAMS 0x00000000cb600000| PB 0x00000000cb600000| Untracked 
| 183|0x00000000cb700000, 0x00000000cb700000, 0x00000000cb800000|  0%| F|  |TAMS 0x00000000cb700000| PB 0x00000000cb700000| Untracked 
| 184|0x00000000cb800000, 0x00000000cb800000, 0x00000000cb900000|  0%| F|  |TAMS 0x00000000cb800000| PB 0x00000000cb800000| Untracked 
| 185|0x00000000cb900000, 0x00000000cb900000, 0x00000000cba00000|  0%| F|  |TAMS 0x00000000cb900000| PB 0x00000000cb900000| Untracked 
| 186|0x00000000cba00000, 0x00000000cba00000, 0x00000000cbb00000|  0%| F|  |TAMS 0x00000000cba00000| PB 0x00000000cba00000| Untracked 
| 187|0x00000000cbb00000, 0x00000000cbb00000, 0x00000000cbc00000|  0%| F|  |TAMS 0x00000000cbb00000| PB 0x00000000cbb00000| Untracked 
| 188|0x00000000cbc00000, 0x00000000cbc00000, 0x00000000cbd00000|  0%| F|  |TAMS 0x00000000cbc00000| PB 0x00000000cbc00000| Untracked 
| 189|0x00000000cbd00000, 0x00000000cbd00000, 0x00000000cbe00000|  0%| F|  |TAMS 0x00000000cbd00000| PB 0x00000000cbd00000| Untracked 
| 190|0x00000000cbe00000, 0x00000000cbe00000, 0x00000000cbf00000|  0%| F|  |TAMS 0x00000000cbe00000| PB 0x00000000cbe00000| Untracked 
| 191|0x00000000cbf00000, 0x00000000cbf00000, 0x00000000cc000000|  0%| F|  |TAMS 0x00000000cbf00000| PB 0x00000000cbf00000| Untracked 
| 192|0x00000000cc000000, 0x00000000cc000000, 0x00000000cc100000|  0%| F|  |TAMS 0x00000000cc000000| PB 0x00000000cc000000| Untracked 
| 193|0x00000000cc100000, 0x00000000cc100000, 0x00000000cc200000|  0%| F|  |TAMS 0x00000000cc100000| PB 0x00000000cc100000| Untracked 
| 194|0x00000000cc200000, 0x00000000cc200000, 0x00000000cc300000|  0%| F|  |TAMS 0x00000000cc200000| PB 0x00000000cc200000| Untracked 
| 195|0x00000000cc300000, 0x00000000cc300000, 0x00000000cc400000|  0%| F|  |TAMS 0x00000000cc300000| PB 0x00000000cc300000| Untracked 
| 196|0x00000000cc400000, 0x00000000cc400000, 0x00000000cc500000|  0%| F|  |TAMS 0x00000000cc400000| PB 0x00000000cc400000| Untracked 
| 197|0x00000000cc500000, 0x00000000cc500000, 0x00000000cc600000|  0%| F|  |TAMS 0x00000000cc500000| PB 0x00000000cc500000| Untracked 
| 198|0x00000000cc600000, 0x00000000cc600000, 0x00000000cc700000|  0%| F|  |TAMS 0x00000000cc600000| PB 0x00000000cc600000| Untracked 
| 199|0x00000000cc700000, 0x00000000cc700000, 0x00000000cc800000|  0%| F|  |TAMS 0x00000000cc700000| PB 0x00000000cc700000| Untracked 
| 200|0x00000000cc800000, 0x00000000cc800000, 0x00000000cc900000|  0%| F|  |TAMS 0x00000000cc800000| PB 0x00000000cc800000| Untracked 
| 201|0x00000000cc900000, 0x00000000cc900000, 0x00000000cca00000|  0%| F|  |TAMS 0x00000000cc900000| PB 0x00000000cc900000| Untracked 
| 202|0x00000000cca00000, 0x00000000cca00000, 0x00000000ccb00000|  0%| F|  |TAMS 0x00000000cca00000| PB 0x00000000cca00000| Untracked 
| 203|0x00000000ccb00000, 0x00000000ccb00000, 0x00000000ccc00000|  0%| F|  |TAMS 0x00000000ccb00000| PB 0x00000000ccb00000| Untracked 
| 204|0x00000000ccc00000, 0x00000000ccc00000, 0x00000000ccd00000|  0%| F|  |TAMS 0x00000000ccc00000| PB 0x00000000ccc00000| Untracked 
| 205|0x00000000ccd00000, 0x00000000ccd00000, 0x00000000cce00000|  0%| F|  |TAMS 0x00000000ccd00000| PB 0x00000000ccd00000| Untracked 
| 206|0x00000000cce00000, 0x00000000cce00000, 0x00000000ccf00000|  0%| F|  |TAMS 0x00000000cce00000| PB 0x00000000cce00000| Untracked 
| 207|0x00000000ccf00000, 0x00000000ccf00000, 0x00000000cd000000|  0%| F|  |TAMS 0x00000000ccf00000| PB 0x00000000ccf00000| Untracked 
| 208|0x00000000cd000000, 0x00000000cd000000, 0x00000000cd100000|  0%| F|  |TAMS 0x00000000cd000000| PB 0x00000000cd000000| Untracked 
| 209|0x00000000cd100000, 0x00000000cd100000, 0x00000000cd200000|  0%| F|  |TAMS 0x00000000cd100000| PB 0x00000000cd100000| Untracked 
| 210|0x00000000cd200000, 0x00000000cd200000, 0x00000000cd300000|  0%| F|  |TAMS 0x00000000cd200000| PB 0x00000000cd200000| Untracked 
| 211|0x00000000cd300000, 0x00000000cd300000, 0x00000000cd400000|  0%| F|  |TAMS 0x00000000cd300000| PB 0x00000000cd300000| Untracked 
| 212|0x00000000cd400000, 0x00000000cd400000, 0x00000000cd500000|  0%| F|  |TAMS 0x00000000cd400000| PB 0x00000000cd400000| Untracked 
| 213|0x00000000cd500000, 0x00000000cd500000, 0x00000000cd600000|  0%| F|  |TAMS 0x00000000cd500000| PB 0x00000000cd500000| Untracked 
| 214|0x00000000cd600000, 0x00000000cd600000, 0x00000000cd700000|  0%| F|  |TAMS 0x00000000cd600000| PB 0x00000000cd600000| Untracked 
| 215|0x00000000cd700000, 0x00000000cd700000, 0x00000000cd800000|  0%| F|  |TAMS 0x00000000cd700000| PB 0x00000000cd700000| Untracked 
| 216|0x00000000cd800000, 0x00000000cd800000, 0x00000000cd900000|  0%| F|  |TAMS 0x00000000cd800000| PB 0x00000000cd800000| Untracked 
| 217|0x00000000cd900000, 0x00000000cd900000, 0x00000000cda00000|  0%| F|  |TAMS 0x00000000cd900000| PB 0x00000000cd900000| Untracked 
| 218|0x00000000cda00000, 0x00000000cda00000, 0x00000000cdb00000|  0%| F|  |TAMS 0x00000000cda00000| PB 0x00000000cda00000| Untracked 
| 219|0x00000000cdb00000, 0x00000000cdb00000, 0x00000000cdc00000|  0%| F|  |TAMS 0x00000000cdb00000| PB 0x00000000cdb00000| Untracked 
| 220|0x00000000cdc00000, 0x00000000cdc00000, 0x00000000cdd00000|  0%| F|  |TAMS 0x00000000cdc00000| PB 0x00000000cdc00000| Untracked 
| 221|0x00000000cdd00000, 0x00000000cdd00000, 0x00000000cde00000|  0%| F|  |TAMS 0x00000000cdd00000| PB 0x00000000cdd00000| Untracked 
| 222|0x00000000cde00000, 0x00000000cde00000, 0x00000000cdf00000|  0%| F|  |TAMS 0x00000000cde00000| PB 0x00000000cde00000| Untracked 
| 223|0x00000000cdf00000, 0x00000000cdf00000, 0x00000000ce000000|  0%| F|  |TAMS 0x00000000cdf00000| PB 0x00000000cdf00000| Untracked 
| 224|0x00000000ce000000, 0x00000000ce000000, 0x00000000ce100000|  0%| F|  |TAMS 0x00000000ce000000| PB 0x00000000ce000000| Untracked 
| 225|0x00000000ce100000, 0x00000000ce100000, 0x00000000ce200000|  0%| F|  |TAMS 0x00000000ce100000| PB 0x00000000ce100000| Untracked 
| 226|0x00000000ce200000, 0x00000000ce200000, 0x00000000ce300000|  0%| F|  |TAMS 0x00000000ce200000| PB 0x00000000ce200000| Untracked 
| 227|0x00000000ce300000, 0x00000000ce300000, 0x00000000ce400000|  0%| F|  |TAMS 0x00000000ce300000| PB 0x00000000ce300000| Untracked 
| 228|0x00000000ce400000, 0x00000000ce400000, 0x00000000ce500000|  0%| F|  |TAMS 0x00000000ce400000| PB 0x00000000ce400000| Untracked 
| 229|0x00000000ce500000, 0x00000000ce500000, 0x00000000ce600000|  0%| F|  |TAMS 0x00000000ce500000| PB 0x00000000ce500000| Untracked 
| 230|0x00000000ce600000, 0x00000000ce600000, 0x00000000ce700000|  0%| F|  |TAMS 0x00000000ce600000| PB 0x00000000ce600000| Untracked 
| 231|0x00000000ce700000, 0x00000000ce700000, 0x00000000ce800000|  0%| F|  |TAMS 0x00000000ce700000| PB 0x00000000ce700000| Untracked 
| 232|0x00000000ce800000, 0x00000000ce800000, 0x00000000ce900000|  0%| F|  |TAMS 0x00000000ce800000| PB 0x00000000ce800000| Untracked 
| 233|0x00000000ce900000, 0x00000000ce900000, 0x00000000cea00000|  0%| F|  |TAMS 0x00000000ce900000| PB 0x00000000ce900000| Untracked 
| 234|0x00000000cea00000, 0x00000000cea00000, 0x00000000ceb00000|  0%| F|  |TAMS 0x00000000cea00000| PB 0x00000000cea00000| Untracked 
| 235|0x00000000ceb00000, 0x00000000ceb00000, 0x00000000cec00000|  0%| F|  |TAMS 0x00000000ceb00000| PB 0x00000000ceb00000| Untracked 
| 236|0x00000000cec00000, 0x00000000cec00000, 0x00000000ced00000|  0%| F|  |TAMS 0x00000000cec00000| PB 0x00000000cec00000| Untracked 
| 237|0x00000000ced00000, 0x00000000ced00000, 0x00000000cee00000|  0%| F|  |TAMS 0x00000000ced00000| PB 0x00000000ced00000| Untracked 
| 238|0x00000000cee00000, 0x00000000cee00000, 0x00000000cef00000|  0%| F|  |TAMS 0x00000000cee00000| PB 0x00000000cee00000| Untracked 
| 239|0x00000000cef00000, 0x00000000cef00000, 0x00000000cf000000|  0%| F|  |TAMS 0x00000000cef00000| PB 0x00000000cef00000| Untracked 
| 240|0x00000000cf000000, 0x00000000cf000000, 0x00000000cf100000|  0%| F|  |TAMS 0x00000000cf000000| PB 0x00000000cf000000| Untracked 
| 241|0x00000000cf100000, 0x00000000cf100000, 0x00000000cf200000|  0%| F|  |TAMS 0x00000000cf100000| PB 0x00000000cf100000| Untracked 
| 242|0x00000000cf200000, 0x00000000cf200000, 0x00000000cf300000|  0%| F|  |TAMS 0x00000000cf200000| PB 0x00000000cf200000| Untracked 
| 243|0x00000000cf300000, 0x00000000cf300000, 0x00000000cf400000|  0%| F|  |TAMS 0x00000000cf300000| PB 0x00000000cf300000| Untracked 
| 244|0x00000000cf400000, 0x00000000cf400000, 0x00000000cf500000|  0%| F|  |TAMS 0x00000000cf400000| PB 0x00000000cf400000| Untracked 
| 245|0x00000000cf500000, 0x00000000cf500000, 0x00000000cf600000|  0%| F|  |TAMS 0x00000000cf500000| PB 0x00000000cf500000| Untracked 
| 246|0x00000000cf600000, 0x00000000cf600000, 0x00000000cf700000|  0%| F|  |TAMS 0x00000000cf600000| PB 0x00000000cf600000| Untracked 
| 247|0x00000000cf700000, 0x00000000cf700000, 0x00000000cf800000|  0%| F|  |TAMS 0x00000000cf700000| PB 0x00000000cf700000| Untracked 
| 248|0x00000000cf800000, 0x00000000cf800000, 0x00000000cf900000|  0%| F|  |TAMS 0x00000000cf800000| PB 0x00000000cf800000| Untracked 
| 249|0x00000000cf900000, 0x00000000cf900000, 0x00000000cfa00000|  0%| F|  |TAMS 0x00000000cf900000| PB 0x00000000cf900000| Untracked 
| 250|0x00000000cfa00000, 0x00000000cfa00000, 0x00000000cfb00000|  0%| F|  |TAMS 0x00000000cfa00000| PB 0x00000000cfa00000| Untracked 
| 251|0x00000000cfb00000, 0x00000000cfb00000, 0x00000000cfc00000|  0%| F|  |TAMS 0x00000000cfb00000| PB 0x00000000cfb00000| Untracked 
| 252|0x00000000cfc00000, 0x00000000cfc00000, 0x00000000cfd00000|  0%| F|  |TAMS 0x00000000cfc00000| PB 0x00000000cfc00000| Untracked 
| 253|0x00000000cfd00000, 0x00000000cfd00000, 0x00000000cfe00000|  0%| F|  |TAMS 0x00000000cfd00000| PB 0x00000000cfd00000| Untracked 
| 254|0x00000000cfe00000, 0x00000000cfe00000, 0x00000000cff00000|  0%| F|  |TAMS 0x00000000cfe00000| PB 0x00000000cfe00000| Untracked 
| 255|0x00000000cff00000, 0x00000000cff00000, 0x00000000d0000000|  0%| F|  |TAMS 0x00000000cff00000| PB 0x00000000cff00000| Untracked 
| 256|0x00000000d0000000, 0x00000000d0000000, 0x00000000d0100000|  0%| F|  |TAMS 0x00000000d0000000| PB 0x00000000d0000000| Untracked 
| 257|0x00000000d0100000, 0x00000000d0100000, 0x00000000d0200000|  0%| F|  |TAMS 0x00000000d0100000| PB 0x00000000d0100000| Untracked 
| 258|0x00000000d0200000, 0x00000000d0200000, 0x00000000d0300000|  0%| F|  |TAMS 0x00000000d0200000| PB 0x00000000d0200000| Untracked 
| 259|0x00000000d0300000, 0x00000000d0300000, 0x00000000d0400000|  0%| F|  |TAMS 0x00000000d0300000| PB 0x00000000d0300000| Untracked 
| 260|0x00000000d0400000, 0x00000000d0400000, 0x00000000d0500000|  0%| F|  |TAMS 0x00000000d0400000| PB 0x00000000d0400000| Untracked 
| 261|0x00000000d0500000, 0x00000000d0500000, 0x00000000d0600000|  0%| F|  |TAMS 0x00000000d0500000| PB 0x00000000d0500000| Untracked 
| 262|0x00000000d0600000, 0x00000000d0600000, 0x00000000d0700000|  0%| F|  |TAMS 0x00000000d0600000| PB 0x00000000d0600000| Untracked 
| 263|0x00000000d0700000, 0x00000000d0700000, 0x00000000d0800000|  0%| F|  |TAMS 0x00000000d0700000| PB 0x00000000d0700000| Untracked 
| 264|0x00000000d0800000, 0x00000000d0800000, 0x00000000d0900000|  0%| F|  |TAMS 0x00000000d0800000| PB 0x00000000d0800000| Untracked 
| 265|0x00000000d0900000, 0x00000000d0900000, 0x00000000d0a00000|  0%| F|  |TAMS 0x00000000d0900000| PB 0x00000000d0900000| Untracked 
| 266|0x00000000d0a00000, 0x00000000d0a00000, 0x00000000d0b00000|  0%| F|  |TAMS 0x00000000d0a00000| PB 0x00000000d0a00000| Untracked 
| 267|0x00000000d0b00000, 0x00000000d0b00000, 0x00000000d0c00000|  0%| F|  |TAMS 0x00000000d0b00000| PB 0x00000000d0b00000| Untracked 
| 268|0x00000000d0c00000, 0x00000000d0c00000, 0x00000000d0d00000|  0%| F|  |TAMS 0x00000000d0c00000| PB 0x00000000d0c00000| Untracked 
| 269|0x00000000d0d00000, 0x00000000d0d00000, 0x00000000d0e00000|  0%| F|  |TAMS 0x00000000d0d00000| PB 0x00000000d0d00000| Untracked 
| 270|0x00000000d0e00000, 0x00000000d0e00000, 0x00000000d0f00000|  0%| F|  |TAMS 0x00000000d0e00000| PB 0x00000000d0e00000| Untracked 
| 271|0x00000000d0f00000, 0x00000000d0f00000, 0x00000000d1000000|  0%| F|  |TAMS 0x00000000d0f00000| PB 0x00000000d0f00000| Untracked 
| 272|0x00000000d1000000, 0x00000000d1000000, 0x00000000d1100000|  0%| F|  |TAMS 0x00000000d1000000| PB 0x00000000d1000000| Untracked 
| 273|0x00000000d1100000, 0x00000000d1100000, 0x00000000d1200000|  0%| F|  |TAMS 0x00000000d1100000| PB 0x00000000d1100000| Untracked 
| 274|0x00000000d1200000, 0x00000000d1200000, 0x00000000d1300000|  0%| F|  |TAMS 0x00000000d1200000| PB 0x00000000d1200000| Untracked 
| 275|0x00000000d1300000, 0x00000000d1300000, 0x00000000d1400000|  0%| F|  |TAMS 0x00000000d1300000| PB 0x00000000d1300000| Untracked 
| 276|0x00000000d1400000, 0x00000000d1400000, 0x00000000d1500000|  0%| F|  |TAMS 0x00000000d1400000| PB 0x00000000d1400000| Untracked 
| 277|0x00000000d1500000, 0x00000000d1500000, 0x00000000d1600000|  0%| F|  |TAMS 0x00000000d1500000| PB 0x00000000d1500000| Untracked 
| 278|0x00000000d1600000, 0x00000000d1600000, 0x00000000d1700000|  0%| F|  |TAMS 0x00000000d1600000| PB 0x00000000d1600000| Untracked 
| 279|0x00000000d1700000, 0x00000000d1700000, 0x00000000d1800000|  0%| F|  |TAMS 0x00000000d1700000| PB 0x00000000d1700000| Untracked 
| 280|0x00000000d1800000, 0x00000000d1800000, 0x00000000d1900000|  0%| F|  |TAMS 0x00000000d1800000| PB 0x00000000d1800000| Untracked 
| 281|0x00000000d1900000, 0x00000000d1900000, 0x00000000d1a00000|  0%| F|  |TAMS 0x00000000d1900000| PB 0x00000000d1900000| Untracked 
| 282|0x00000000d1a00000, 0x00000000d1a00000, 0x00000000d1b00000|  0%| F|  |TAMS 0x00000000d1a00000| PB 0x00000000d1a00000| Untracked 
| 283|0x00000000d1b00000, 0x00000000d1b00000, 0x00000000d1c00000|  0%| F|  |TAMS 0x00000000d1b00000| PB 0x00000000d1b00000| Untracked 
| 284|0x00000000d1c00000, 0x00000000d1c00000, 0x00000000d1d00000|  0%| F|  |TAMS 0x00000000d1c00000| PB 0x00000000d1c00000| Untracked 
| 285|0x00000000d1d00000, 0x00000000d1d00000, 0x00000000d1e00000|  0%| F|  |TAMS 0x00000000d1d00000| PB 0x00000000d1d00000| Untracked 
| 286|0x00000000d1e00000, 0x00000000d1e00000, 0x00000000d1f00000|  0%| F|  |TAMS 0x00000000d1e00000| PB 0x00000000d1e00000| Untracked 
| 287|0x00000000d1f00000, 0x00000000d1f00000, 0x00000000d2000000|  0%| F|  |TAMS 0x00000000d1f00000| PB 0x00000000d1f00000| Untracked 
| 288|0x00000000d2000000, 0x00000000d2000000, 0x00000000d2100000|  0%| F|  |TAMS 0x00000000d2000000| PB 0x00000000d2000000| Untracked 
| 289|0x00000000d2100000, 0x00000000d2100000, 0x00000000d2200000|  0%| F|  |TAMS 0x00000000d2100000| PB 0x00000000d2100000| Untracked 
| 290|0x00000000d2200000, 0x00000000d2200000, 0x00000000d2300000|  0%| F|  |TAMS 0x00000000d2200000| PB 0x00000000d2200000| Untracked 
| 291|0x00000000d2300000, 0x00000000d2300000, 0x00000000d2400000|  0%| F|  |TAMS 0x00000000d2300000| PB 0x00000000d2300000| Untracked 
| 292|0x00000000d2400000, 0x00000000d2400000, 0x00000000d2500000|  0%| F|  |TAMS 0x00000000d2400000| PB 0x00000000d2400000| Untracked 
| 293|0x00000000d2500000, 0x00000000d2500000, 0x00000000d2600000|  0%| F|  |TAMS 0x00000000d2500000| PB 0x00000000d2500000| Untracked 
| 294|0x00000000d2600000, 0x00000000d2600000, 0x00000000d2700000|  0%| F|  |TAMS 0x00000000d2600000| PB 0x00000000d2600000| Untracked 
| 295|0x00000000d2700000, 0x00000000d2700000, 0x00000000d2800000|  0%| F|  |TAMS 0x00000000d2700000| PB 0x00000000d2700000| Untracked 
| 296|0x00000000d2800000, 0x00000000d2800000, 0x00000000d2900000|  0%| F|  |TAMS 0x00000000d2800000| PB 0x00000000d2800000| Untracked 
| 297|0x00000000d2900000, 0x00000000d2900000, 0x00000000d2a00000|  0%| F|  |TAMS 0x00000000d2900000| PB 0x00000000d2900000| Untracked 
| 298|0x00000000d2a00000, 0x00000000d2a00000, 0x00000000d2b00000|  0%| F|  |TAMS 0x00000000d2a00000| PB 0x00000000d2a00000| Untracked 
| 299|0x00000000d2b00000, 0x00000000d2b00000, 0x00000000d2c00000|  0%| F|  |TAMS 0x00000000d2b00000| PB 0x00000000d2b00000| Untracked 
| 300|0x00000000d2c00000, 0x00000000d2c00000, 0x00000000d2d00000|  0%| F|  |TAMS 0x00000000d2c00000| PB 0x00000000d2c00000| Untracked 
| 301|0x00000000d2d00000, 0x00000000d2d00000, 0x00000000d2e00000|  0%| F|  |TAMS 0x00000000d2d00000| PB 0x00000000d2d00000| Untracked 
| 302|0x00000000d2e00000, 0x00000000d2e00000, 0x00000000d2f00000|  0%| F|  |TAMS 0x00000000d2e00000| PB 0x00000000d2e00000| Untracked 
| 303|0x00000000d2f00000, 0x00000000d2f00000, 0x00000000d3000000|  0%| F|  |TAMS 0x00000000d2f00000| PB 0x00000000d2f00000| Untracked 
| 304|0x00000000d3000000, 0x00000000d3000000, 0x00000000d3100000|  0%| F|  |TAMS 0x00000000d3000000| PB 0x00000000d3000000| Untracked 
| 305|0x00000000d3100000, 0x00000000d3100000, 0x00000000d3200000|  0%| F|  |TAMS 0x00000000d3100000| PB 0x00000000d3100000| Untracked 
| 306|0x00000000d3200000, 0x00000000d3200000, 0x00000000d3300000|  0%| F|  |TAMS 0x00000000d3200000| PB 0x00000000d3200000| Untracked 
| 307|0x00000000d3300000, 0x00000000d3300000, 0x00000000d3400000|  0%| F|  |TAMS 0x00000000d3300000| PB 0x00000000d3300000| Untracked 
| 308|0x00000000d3400000, 0x00000000d3400000, 0x00000000d3500000|  0%| F|  |TAMS 0x00000000d3400000| PB 0x00000000d3400000| Untracked 
| 309|0x00000000d3500000, 0x00000000d3500000, 0x00000000d3600000|  0%| F|  |TAMS 0x00000000d3500000| PB 0x00000000d3500000| Untracked 
| 310|0x00000000d3600000, 0x00000000d3600000, 0x00000000d3700000|  0%| F|  |TAMS 0x00000000d3600000| PB 0x00000000d3600000| Untracked 
| 311|0x00000000d3700000, 0x00000000d3700000, 0x00000000d3800000|  0%| F|  |TAMS 0x00000000d3700000| PB 0x00000000d3700000| Untracked 
| 312|0x00000000d3800000, 0x00000000d3800000, 0x00000000d3900000|  0%| F|  |TAMS 0x00000000d3800000| PB 0x00000000d3800000| Untracked 
| 313|0x00000000d3900000, 0x00000000d3900000, 0x00000000d3a00000|  0%| F|  |TAMS 0x00000000d3900000| PB 0x00000000d3900000| Untracked 
| 314|0x00000000d3a00000, 0x00000000d3a00000, 0x00000000d3b00000|  0%| F|  |TAMS 0x00000000d3a00000| PB 0x00000000d3a00000| Untracked 
| 315|0x00000000d3b00000, 0x00000000d3b00000, 0x00000000d3c00000|  0%| F|  |TAMS 0x00000000d3b00000| PB 0x00000000d3b00000| Untracked 
| 316|0x00000000d3c00000, 0x00000000d3c00000, 0x00000000d3d00000|  0%| F|  |TAMS 0x00000000d3c00000| PB 0x00000000d3c00000| Untracked 
| 317|0x00000000d3d00000, 0x00000000d3d00000, 0x00000000d3e00000|  0%| F|  |TAMS 0x00000000d3d00000| PB 0x00000000d3d00000| Untracked 
| 318|0x00000000d3e00000, 0x00000000d3e00000, 0x00000000d3f00000|  0%| F|  |TAMS 0x00000000d3e00000| PB 0x00000000d3e00000| Untracked 
| 319|0x00000000d3f00000, 0x00000000d3f00000, 0x00000000d4000000|  0%| F|  |TAMS 0x00000000d3f00000| PB 0x00000000d3f00000| Untracked 
| 320|0x00000000d4000000, 0x00000000d4000000, 0x00000000d4100000|  0%| F|  |TAMS 0x00000000d4000000| PB 0x00000000d4000000| Untracked 
| 868|0x00000000f6400000, 0x00000000f6400000, 0x00000000f6500000|  0%| F|  |TAMS 0x00000000f6400000| PB 0x00000000f6400000| Untracked 
| 869|0x00000000f6500000, 0x00000000f6500000, 0x00000000f6600000|  0%| F|  |TAMS 0x00000000f6500000| PB 0x00000000f6500000| Untracked 
| 870|0x00000000f6600000, 0x00000000f6600000, 0x00000000f6700000|  0%| F|  |TAMS 0x00000000f6600000| PB 0x00000000f6600000| Untracked 
| 871|0x00000000f6700000, 0x00000000f6700000, 0x00000000f6800000|  0%| F|  |TAMS 0x00000000f6700000| PB 0x00000000f6700000| Untracked 
| 872|0x00000000f6800000, 0x00000000f6800000, 0x00000000f6900000|  0%| F|  |TAMS 0x00000000f6800000| PB 0x00000000f6800000| Untracked 
| 873|0x00000000f6900000, 0x00000000f6900000, 0x00000000f6a00000|  0%| F|  |TAMS 0x00000000f6900000| PB 0x00000000f6900000| Untracked 
| 874|0x00000000f6a00000, 0x00000000f6a00000, 0x00000000f6b00000|  0%| F|  |TAMS 0x00000000f6a00000| PB 0x00000000f6a00000| Untracked 
| 875|0x00000000f6b00000, 0x00000000f6b00000, 0x00000000f6c00000|  0%| F|  |TAMS 0x00000000f6b00000| PB 0x00000000f6b00000| Untracked 
| 876|0x00000000f6c00000, 0x00000000f6c00000, 0x00000000f6d00000|  0%| F|  |TAMS 0x00000000f6c00000| PB 0x00000000f6c00000| Untracked 
| 877|0x00000000f6d00000, 0x00000000f6d00000, 0x00000000f6e00000|  0%| F|  |TAMS 0x00000000f6d00000| PB 0x00000000f6d00000| Untracked 
| 878|0x00000000f6e00000, 0x00000000f6e00000, 0x00000000f6f00000|  0%| F|  |TAMS 0x00000000f6e00000| PB 0x00000000f6e00000| Untracked 
| 879|0x00000000f6f00000, 0x00000000f6f00000, 0x00000000f7000000|  0%| F|  |TAMS 0x00000000f6f00000| PB 0x00000000f6f00000| Untracked 
| 880|0x00000000f7000000, 0x00000000f7000000, 0x00000000f7100000|  0%| F|  |TAMS 0x00000000f7000000| PB 0x00000000f7000000| Untracked 
| 881|0x00000000f7100000, 0x00000000f7100000, 0x00000000f7200000|  0%| F|  |TAMS 0x00000000f7100000| PB 0x00000000f7100000| Untracked 
| 882|0x00000000f7200000, 0x00000000f7200000, 0x00000000f7300000|  0%| F|  |TAMS 0x00000000f7200000| PB 0x00000000f7200000| Untracked 
| 883|0x00000000f7300000, 0x00000000f7300000, 0x00000000f7400000|  0%| F|  |TAMS 0x00000000f7300000| PB 0x00000000f7300000| Untracked 
| 884|0x00000000f7400000, 0x00000000f7400000, 0x00000000f7500000|  0%| F|  |TAMS 0x00000000f7400000| PB 0x00000000f7400000| Untracked 
| 885|0x00000000f7500000, 0x00000000f7500000, 0x00000000f7600000|  0%| F|  |TAMS 0x00000000f7500000| PB 0x00000000f7500000| Untracked 
| 886|0x00000000f7600000, 0x00000000f7600000, 0x00000000f7700000|  0%| F|  |TAMS 0x00000000f7600000| PB 0x00000000f7600000| Untracked 
| 887|0x00000000f7700000, 0x00000000f7700000, 0x00000000f7800000|  0%| F|  |TAMS 0x00000000f7700000| PB 0x00000000f7700000| Untracked 
| 888|0x00000000f7800000, 0x00000000f7800000, 0x00000000f7900000|  0%| F|  |TAMS 0x00000000f7800000| PB 0x00000000f7800000| Untracked 
| 889|0x00000000f7900000, 0x00000000f7900000, 0x00000000f7a00000|  0%| F|  |TAMS 0x00000000f7900000| PB 0x00000000f7900000| Untracked 
| 890|0x00000000f7a00000, 0x00000000f7a00000, 0x00000000f7b00000|  0%| F|  |TAMS 0x00000000f7a00000| PB 0x00000000f7a00000| Untracked 
| 891|0x00000000f7b00000, 0x00000000f7b00000, 0x00000000f7c00000|  0%| F|  |TAMS 0x00000000f7b00000| PB 0x00000000f7b00000| Untracked 
| 892|0x00000000f7c00000, 0x00000000f7c00000, 0x00000000f7d00000|  0%| F|  |TAMS 0x00000000f7c00000| PB 0x00000000f7c00000| Untracked 
| 893|0x00000000f7d00000, 0x00000000f7d00000, 0x00000000f7e00000|  0%| F|  |TAMS 0x00000000f7d00000| PB 0x00000000f7d00000| Untracked 
| 894|0x00000000f7e00000, 0x00000000f7e00000, 0x00000000f7f00000|  0%| F|  |TAMS 0x00000000f7e00000| PB 0x00000000f7e00000| Untracked 
| 895|0x00000000f7f00000, 0x00000000f7f00000, 0x00000000f8000000|  0%| F|  |TAMS 0x00000000f7f00000| PB 0x00000000f7f00000| Untracked 
| 896|0x00000000f8000000, 0x00000000f8000000, 0x00000000f8100000|  0%| F|  |TAMS 0x00000000f8000000| PB 0x00000000f8000000| Untracked 
| 897|0x00000000f8100000, 0x00000000f8100000, 0x00000000f8200000|  0%| F|  |TAMS 0x00000000f8100000| PB 0x00000000f8100000| Untracked 
| 898|0x00000000f8200000, 0x00000000f8200000, 0x00000000f8300000|  0%| F|  |TAMS 0x00000000f8200000| PB 0x00000000f8200000| Untracked 
| 899|0x00000000f8300000, 0x00000000f8300000, 0x00000000f8400000|  0%| F|  |TAMS 0x00000000f8300000| PB 0x00000000f8300000| Untracked 
| 900|0x00000000f8400000, 0x00000000f8400000, 0x00000000f8500000|  0%| F|  |TAMS 0x00000000f8400000| PB 0x00000000f8400000| Untracked 
| 901|0x00000000f8500000, 0x00000000f8500000, 0x00000000f8600000|  0%| F|  |TAMS 0x00000000f8500000| PB 0x00000000f8500000| Untracked 
| 902|0x00000000f8600000, 0x00000000f8600000, 0x00000000f8700000|  0%| F|  |TAMS 0x00000000f8600000| PB 0x00000000f8600000| Untracked 
| 903|0x00000000f8700000, 0x00000000f8700000, 0x00000000f8800000|  0%| F|  |TAMS 0x00000000f8700000| PB 0x00000000f8700000| Untracked 
| 904|0x00000000f8800000, 0x00000000f8800000, 0x00000000f8900000|  0%| F|  |TAMS 0x00000000f8800000| PB 0x00000000f8800000| Untracked 
| 905|0x00000000f8900000, 0x00000000f8900000, 0x00000000f8a00000|  0%| F|  |TAMS 0x00000000f8900000| PB 0x00000000f8900000| Untracked 
| 906|0x00000000f8a00000, 0x00000000f8a00000, 0x00000000f8b00000|  0%| F|  |TAMS 0x00000000f8a00000| PB 0x00000000f8a00000| Untracked 
| 907|0x00000000f8b00000, 0x00000000f8b00000, 0x00000000f8c00000|  0%| F|  |TAMS 0x00000000f8b00000| PB 0x00000000f8b00000| Untracked 
| 908|0x00000000f8c00000, 0x00000000f8c00000, 0x00000000f8d00000|  0%| F|  |TAMS 0x00000000f8c00000| PB 0x00000000f8c00000| Untracked 
| 909|0x00000000f8d00000, 0x00000000f8d00000, 0x00000000f8e00000|  0%| F|  |TAMS 0x00000000f8d00000| PB 0x00000000f8d00000| Untracked 
| 910|0x00000000f8e00000, 0x00000000f8e00000, 0x00000000f8f00000|  0%| F|  |TAMS 0x00000000f8e00000| PB 0x00000000f8e00000| Untracked 
| 911|0x00000000f8f00000, 0x00000000f8f00000, 0x00000000f9000000|  0%| F|  |TAMS 0x00000000f8f00000| PB 0x00000000f8f00000| Untracked 
| 912|0x00000000f9000000, 0x00000000f9000000, 0x00000000f9100000|  0%| F|  |TAMS 0x00000000f9000000| PB 0x00000000f9000000| Untracked 
| 913|0x00000000f9100000, 0x00000000f9100000, 0x00000000f9200000|  0%| F|  |TAMS 0x00000000f9100000| PB 0x00000000f9100000| Untracked 
| 914|0x00000000f9200000, 0x00000000f9200000, 0x00000000f9300000|  0%| F|  |TAMS 0x00000000f9200000| PB 0x00000000f9200000| Untracked 
| 915|0x00000000f9300000, 0x00000000f9357c58, 0x00000000f9400000| 34%| S|CS|TAMS 0x00000000f9300000| PB 0x00000000f9300000| Complete 
| 916|0x00000000f9400000, 0x00000000f9500000, 0x00000000f9500000|100%| S|CS|TAMS 0x00000000f9400000| PB 0x00000000f9400000| Complete 
| 917|0x00000000f9500000, 0x00000000f9600000, 0x00000000f9600000|100%| S|CS|TAMS 0x00000000f9500000| PB 0x00000000f9500000| Complete 
| 918|0x00000000f9600000, 0x00000000f9700000, 0x00000000f9700000|100%| S|CS|TAMS 0x00000000f9600000| PB 0x00000000f9600000| Complete 
| 919|0x00000000f9700000, 0x00000000f9800000, 0x00000000f9800000|100%| S|CS|TAMS 0x00000000f9700000| PB 0x00000000f9700000| Complete 
| 920|0x00000000f9800000, 0x00000000f9900000, 0x00000000f9900000|100%| S|CS|TAMS 0x00000000f9800000| PB 0x00000000f9800000| Complete 
| 921|0x00000000f9900000, 0x00000000f9a00000, 0x00000000f9a00000|100%| S|CS|TAMS 0x00000000f9900000| PB 0x00000000f9900000| Complete 
| 922|0x00000000f9a00000, 0x00000000f9b00000, 0x00000000f9b00000|100%| S|CS|TAMS 0x00000000f9a00000| PB 0x00000000f9a00000| Complete 
| 923|0x00000000f9b00000, 0x00000000f9c00000, 0x00000000f9c00000|100%| S|CS|TAMS 0x00000000f9b00000| PB 0x00000000f9b00000| Complete 
| 924|0x00000000f9c00000, 0x00000000f9d00000, 0x00000000f9d00000|100%| S|CS|TAMS 0x00000000f9c00000| PB 0x00000000f9c00000| Complete 
| 925|0x00000000f9d00000, 0x00000000f9e00000, 0x00000000f9e00000|100%| S|CS|TAMS 0x00000000f9d00000| PB 0x00000000f9d00000| Complete 
| 926|0x00000000f9e00000, 0x00000000f9f00000, 0x00000000f9f00000|100%| S|CS|TAMS 0x00000000f9e00000| PB 0x00000000f9e00000| Complete 
| 927|0x00000000f9f00000, 0x00000000fa000000, 0x00000000fa000000|100%| S|CS|TAMS 0x00000000f9f00000| PB 0x00000000f9f00000| Complete 
| 928|0x00000000fa000000, 0x00000000fa100000, 0x00000000fa100000|100%| S|CS|TAMS 0x00000000fa000000| PB 0x00000000fa000000| Complete 
| 929|0x00000000fa100000, 0x00000000fa200000, 0x00000000fa200000|100%| S|CS|TAMS 0x00000000fa100000| PB 0x00000000fa100000| Complete 
| 930|0x00000000fa200000, 0x00000000fa300000, 0x00000000fa300000|100%| S|CS|TAMS 0x00000000fa200000| PB 0x00000000fa200000| Complete 
| 931|0x00000000fa300000, 0x00000000fa300000, 0x00000000fa400000|  0%| F|  |TAMS 0x00000000fa300000| PB 0x00000000fa300000| Untracked 
| 932|0x00000000fa400000, 0x00000000fa400000, 0x00000000fa500000|  0%| F|  |TAMS 0x00000000fa400000| PB 0x00000000fa400000| Untracked 
| 933|0x00000000fa500000, 0x00000000fa500000, 0x00000000fa600000|  0%| F|  |TAMS 0x00000000fa500000| PB 0x00000000fa500000| Untracked 
| 934|0x00000000fa600000, 0x00000000fa600000, 0x00000000fa700000|  0%| F|  |TAMS 0x00000000fa600000| PB 0x00000000fa600000| Untracked 
| 935|0x00000000fa700000, 0x00000000fa700000, 0x00000000fa800000|  0%| F|  |TAMS 0x00000000fa700000| PB 0x00000000fa700000| Untracked 
| 936|0x00000000fa800000, 0x00000000fa800000, 0x00000000fa900000|  0%| F|  |TAMS 0x00000000fa800000| PB 0x00000000fa800000| Untracked 
| 937|0x00000000fa900000, 0x00000000fa900000, 0x00000000faa00000|  0%| F|  |TAMS 0x00000000fa900000| PB 0x00000000fa900000| Untracked 
| 938|0x00000000faa00000, 0x00000000faa00000, 0x00000000fab00000|  0%| F|  |TAMS 0x00000000faa00000| PB 0x00000000faa00000| Untracked 
| 939|0x00000000fab00000, 0x00000000fab00000, 0x00000000fac00000|  0%| F|  |TAMS 0x00000000fab00000| PB 0x00000000fab00000| Untracked 
| 940|0x00000000fac00000, 0x00000000fac00000, 0x00000000fad00000|  0%| F|  |TAMS 0x00000000fac00000| PB 0x00000000fac00000| Untracked 
| 941|0x00000000fad00000, 0x00000000fad00000, 0x00000000fae00000|  0%| F|  |TAMS 0x00000000fad00000| PB 0x00000000fad00000| Untracked 
| 942|0x00000000fae00000, 0x00000000fae00000, 0x00000000faf00000|  0%| F|  |TAMS 0x00000000fae00000| PB 0x00000000fae00000| Untracked 
| 943|0x00000000faf00000, 0x00000000faf00000, 0x00000000fb000000|  0%| F|  |TAMS 0x00000000faf00000| PB 0x00000000faf00000| Untracked 
| 944|0x00000000fb000000, 0x00000000fb000000, 0x00000000fb100000|  0%| F|  |TAMS 0x00000000fb000000| PB 0x00000000fb000000| Untracked 
| 945|0x00000000fb100000, 0x00000000fb100000, 0x00000000fb200000|  0%| F|  |TAMS 0x00000000fb100000| PB 0x00000000fb100000| Untracked 
| 946|0x00000000fb200000, 0x00000000fb200000, 0x00000000fb300000|  0%| F|  |TAMS 0x00000000fb200000| PB 0x00000000fb200000| Untracked 
| 947|0x00000000fb300000, 0x00000000fb300000, 0x00000000fb400000|  0%| F|  |TAMS 0x00000000fb300000| PB 0x00000000fb300000| Untracked 
| 948|0x00000000fb400000, 0x00000000fb400000, 0x00000000fb500000|  0%| F|  |TAMS 0x00000000fb400000| PB 0x00000000fb400000| Untracked 
| 949|0x00000000fb500000, 0x00000000fb500000, 0x00000000fb600000|  0%| F|  |TAMS 0x00000000fb500000| PB 0x00000000fb500000| Untracked 
| 950|0x00000000fb600000, 0x00000000fb600000, 0x00000000fb700000|  0%| F|  |TAMS 0x00000000fb600000| PB 0x00000000fb600000| Untracked 
| 951|0x00000000fb700000, 0x00000000fb700000, 0x00000000fb800000|  0%| F|  |TAMS 0x00000000fb700000| PB 0x00000000fb700000| Untracked 
| 952|0x00000000fb800000, 0x00000000fb800000, 0x00000000fb900000|  0%| F|  |TAMS 0x00000000fb800000| PB 0x00000000fb800000| Untracked 
| 953|0x00000000fb900000, 0x00000000fb900000, 0x00000000fba00000|  0%| F|  |TAMS 0x00000000fb900000| PB 0x00000000fb900000| Untracked 
| 954|0x00000000fba00000, 0x00000000fba00000, 0x00000000fbb00000|  0%| F|  |TAMS 0x00000000fba00000| PB 0x00000000fba00000| Untracked 
| 955|0x00000000fbb00000, 0x00000000fbb00000, 0x00000000fbc00000|  0%| F|  |TAMS 0x00000000fbb00000| PB 0x00000000fbb00000| Untracked 
| 956|0x00000000fbc00000, 0x00000000fbd00000, 0x00000000fbd00000|100%| O|Cm|TAMS 0x00000000fbc00000| PB 0x00000000fbc00000| Complete 
| 957|0x00000000fbd00000, 0x00000000fbd00000, 0x00000000fbe00000|  0%| F|  |TAMS 0x00000000fbd00000| PB 0x00000000fbd00000| Untracked 
| 958|0x00000000fbe00000, 0x00000000fbe00000, 0x00000000fbf00000|  0%| F|  |TAMS 0x00000000fbe00000| PB 0x00000000fbe00000| Untracked 
| 959|0x00000000fbf00000, 0x00000000fbf00000, 0x00000000fc000000|  0%| F|  |TAMS 0x00000000fbf00000| PB 0x00000000fbf00000| Untracked 
| 960|0x00000000fc000000, 0x00000000fc000000, 0x00000000fc100000|  0%| F|  |TAMS 0x00000000fc000000| PB 0x00000000fc000000| Untracked 
| 961|0x00000000fc100000, 0x00000000fc100000, 0x00000000fc200000|  0%| F|  |TAMS 0x00000000fc100000| PB 0x00000000fc100000| Untracked 
| 962|0x00000000fc200000, 0x00000000fc300000, 0x00000000fc300000|100%| O|  |TAMS 0x00000000fc200000| PB 0x00000000fc200000| Untracked 
| 963|0x00000000fc300000, 0x00000000fc400000, 0x00000000fc400000|100%| O|  |TAMS 0x00000000fc300000| PB 0x00000000fc300000| Untracked 
| 964|0x00000000fc400000, 0x00000000fc500000, 0x00000000fc500000|100%| O|  |TAMS 0x00000000fc400000| PB 0x00000000fc400000| Untracked 
| 965|0x00000000fc500000, 0x00000000fc600000, 0x00000000fc600000|100%| O|Cm|TAMS 0x00000000fc500000| PB 0x00000000fc500000| Complete 
| 966|0x00000000fc600000, 0x00000000fc700000, 0x00000000fc700000|100%| O|  |TAMS 0x00000000fc600000| PB 0x00000000fc600000| Untracked 
| 967|0x00000000fc700000, 0x00000000fc800000, 0x00000000fc800000|100%| O|  |TAMS 0x00000000fc700000| PB 0x00000000fc700000| Untracked 
| 968|0x00000000fc800000, 0x00000000fc900000, 0x00000000fc900000|100%| O|  |TAMS 0x00000000fc800000| PB 0x00000000fc800000| Untracked 
| 969|0x00000000fc900000, 0x00000000fca00000, 0x00000000fca00000|100%| O|  |TAMS 0x00000000fc900000| PB 0x00000000fc900000| Untracked 
| 970|0x00000000fca00000, 0x00000000fcb00000, 0x00000000fcb00000|100%| O|  |TAMS 0x00000000fca00000| PB 0x00000000fca00000| Untracked 
| 971|0x00000000fcb00000, 0x00000000fcb00000, 0x00000000fcc00000|  0%| F|  |TAMS 0x00000000fcb00000| PB 0x00000000fcb00000| Untracked 
| 972|0x00000000fcc00000, 0x00000000fcc00000, 0x00000000fcd00000|  0%| F|  |TAMS 0x00000000fcc00000| PB 0x00000000fcc00000| Untracked 
| 973|0x00000000fcd00000, 0x00000000fce00000, 0x00000000fce00000|100%| O|  |TAMS 0x00000000fcd00000| PB 0x00000000fcd00000| Untracked 
| 974|0x00000000fce00000, 0x00000000fce00000, 0x00000000fcf00000|  0%| F|  |TAMS 0x00000000fce00000| PB 0x00000000fce00000| Untracked 
| 975|0x00000000fcf00000, 0x00000000fcf00000, 0x00000000fd000000|  0%| F|  |TAMS 0x00000000fcf00000| PB 0x00000000fcf00000| Untracked 
| 976|0x00000000fd000000, 0x00000000fd000000, 0x00000000fd100000|  0%| F|  |TAMS 0x00000000fd000000| PB 0x00000000fd000000| Untracked 
| 977|0x00000000fd100000, 0x00000000fd100000, 0x00000000fd200000|  0%| F|  |TAMS 0x00000000fd100000| PB 0x00000000fd100000| Untracked 
| 978|0x00000000fd200000, 0x00000000fd200000, 0x00000000fd300000|  0%| F|  |TAMS 0x00000000fd200000| PB 0x00000000fd200000| Untracked 
| 979|0x00000000fd300000, 0x00000000fd300000, 0x00000000fd400000|  0%| F|  |TAMS 0x00000000fd300000| PB 0x00000000fd300000| Untracked 
| 980|0x00000000fd400000, 0x00000000fd400000, 0x00000000fd500000|  0%| F|  |TAMS 0x00000000fd400000| PB 0x00000000fd400000| Untracked 
| 981|0x00000000fd500000, 0x00000000fd500000, 0x00000000fd600000|  0%| F|  |TAMS 0x00000000fd500000| PB 0x00000000fd500000| Untracked 
| 982|0x00000000fd600000, 0x00000000fd600000, 0x00000000fd700000|  0%| F|  |TAMS 0x00000000fd600000| PB 0x00000000fd600000| Untracked 
| 983|0x00000000fd700000, 0x00000000fd700000, 0x00000000fd800000|  0%| F|  |TAMS 0x00000000fd700000| PB 0x00000000fd700000| Untracked 
| 984|0x00000000fd800000, 0x00000000fd800000, 0x00000000fd900000|  0%| F|  |TAMS 0x00000000fd800000| PB 0x00000000fd800000| Untracked 
| 985|0x00000000fd900000, 0x00000000fd900000, 0x00000000fda00000|  0%| F|  |TAMS 0x00000000fd900000| PB 0x00000000fd900000| Untracked 
| 986|0x00000000fda00000, 0x00000000fda00000, 0x00000000fdb00000|  0%| F|  |TAMS 0x00000000fda00000| PB 0x00000000fda00000| Untracked 
| 987|0x00000000fdb00000, 0x00000000fdb00000, 0x00000000fdc00000|  0%| F|  |TAMS 0x00000000fdb00000| PB 0x00000000fdb00000| Untracked 
| 988|0x00000000fdc00000, 0x00000000fdc00000, 0x00000000fdd00000|  0%| F|  |TAMS 0x00000000fdc00000| PB 0x00000000fdc00000| Untracked 
| 989|0x00000000fdd00000, 0x00000000fdd00000, 0x00000000fde00000|  0%| F|  |TAMS 0x00000000fdd00000| PB 0x00000000fdd00000| Untracked 
| 990|0x00000000fde00000, 0x00000000fde00000, 0x00000000fdf00000|  0%| F|  |TAMS 0x00000000fde00000| PB 0x00000000fde00000| Untracked 
| 991|0x00000000fdf00000, 0x00000000fdf00000, 0x00000000fe000000|  0%| F|  |TAMS 0x00000000fdf00000| PB 0x00000000fdf00000| Untracked 
| 992|0x00000000fe000000, 0x00000000fe000000, 0x00000000fe100000|  0%| F|  |TAMS 0x00000000fe000000| PB 0x00000000fe000000| Untracked 
| 993|0x00000000fe100000, 0x00000000fe100000, 0x00000000fe200000|  0%| F|  |TAMS 0x00000000fe100000| PB 0x00000000fe100000| Untracked 
| 994|0x00000000fe200000, 0x00000000fe200000, 0x00000000fe300000|  0%| F|  |TAMS 0x00000000fe200000| PB 0x00000000fe200000| Untracked 
| 995|0x00000000fe300000, 0x00000000fe300000, 0x00000000fe400000|  0%| F|  |TAMS 0x00000000fe300000| PB 0x00000000fe300000| Untracked 
| 996|0x00000000fe400000, 0x00000000fe400000, 0x00000000fe500000|  0%| F|  |TAMS 0x00000000fe400000| PB 0x00000000fe400000| Untracked 
| 997|0x00000000fe500000, 0x00000000fe500000, 0x00000000fe600000|  0%| F|  |TAMS 0x00000000fe500000| PB 0x00000000fe500000| Untracked 
| 998|0x00000000fe600000, 0x00000000fe600000, 0x00000000fe700000|  0%| F|  |TAMS 0x00000000fe600000| PB 0x00000000fe600000| Untracked 
| 999|0x00000000fe700000, 0x00000000fe700000, 0x00000000fe800000|  0%| F|  |TAMS 0x00000000fe700000| PB 0x00000000fe700000| Untracked 
|1000|0x00000000fe800000, 0x00000000fe8938a0, 0x00000000fe900000| 57%| E|  |TAMS 0x00000000fe800000| PB 0x00000000fe800000| Complete 
|1001|0x00000000fe900000, 0x00000000fea00000, 0x00000000fea00000|100%| E|CS|TAMS 0x00000000fe900000| PB 0x00000000fe900000| Complete 
|1002|0x00000000fea00000, 0x00000000feb00000, 0x00000000feb00000|100%| E|CS|TAMS 0x00000000fea00000| PB 0x00000000fea00000| Complete 
|1003|0x00000000feb00000, 0x00000000fec00000, 0x00000000fec00000|100%| E|CS|TAMS 0x00000000feb00000| PB 0x00000000feb00000| Complete 
|1004|0x00000000fec00000, 0x00000000fed00000, 0x00000000fed00000|100%| E|CS|TAMS 0x00000000fec00000| PB 0x00000000fec00000| Complete 
|1012|0x00000000ff400000, 0x00000000ff500000, 0x00000000ff500000|100%| E|CS|TAMS 0x00000000ff400000| PB 0x00000000ff400000| Complete 
|1013|0x00000000ff500000, 0x00000000ff600000, 0x00000000ff600000|100%| E|CS|TAMS 0x00000000ff500000| PB 0x00000000ff500000| Complete 
|1014|0x00000000ff600000, 0x00000000ff700000, 0x00000000ff700000|100%| E|CS|TAMS 0x00000000ff600000| PB 0x00000000ff600000| Complete 
|1015|0x00000000ff700000, 0x00000000ff800000, 0x00000000ff800000|100%| E|CS|TAMS 0x00000000ff700000| PB 0x00000000ff700000| Complete 
|1016|0x00000000ff800000, 0x00000000ff900000, 0x00000000ff900000|100%| E|CS|TAMS 0x00000000ff800000| PB 0x00000000ff800000| Complete 
|1017|0x00000000ff900000, 0x00000000ffa00000, 0x00000000ffa00000|100%| E|CS|TAMS 0x00000000ff900000| PB 0x00000000ff900000| Complete 
|1018|0x00000000ffa00000, 0x00000000ffb00000, 0x00000000ffb00000|100%| E|CS|TAMS 0x00000000ffa00000| PB 0x00000000ffa00000| Complete 
|1019|0x00000000ffb00000, 0x00000000ffc00000, 0x00000000ffc00000|100%| E|CS|TAMS 0x00000000ffb00000| PB 0x00000000ffb00000| Complete 
|1020|0x00000000ffc00000, 0x00000000ffd00000, 0x00000000ffd00000|100%| E|CS|TAMS 0x00000000ffc00000| PB 0x00000000ffc00000| Complete 
|1021|0x00000000ffd00000, 0x00000000ffe00000, 0x00000000ffe00000|100%| E|CS|TAMS 0x00000000ffd00000| PB 0x00000000ffd00000| Complete 
|1022|0x00000000ffe00000, 0x00000000fff00000, 0x00000000fff00000|100%| E|CS|TAMS 0x00000000ffe00000| PB 0x00000000ffe00000| Complete 
|1023|0x00000000fff00000, 0x0000000100000000, 0x0000000100000000|100%| E|CS|TAMS 0x00000000fff00000| PB 0x00000000fff00000| Complete 

Card table byte_map: [0x0000020da0290000,0x0000020da0490000] _byte_map_base: 0x0000020d9fc90000

Marking Bits: (CMBitMap*) 0x0000020d8d6508f0
 Bits: [0x0000020da0490000, 0x0000020da1490000)

Polling page: 0x0000020d8b890000

Metaspace:

Usage:
  Non-class:     83.52 MB used.
      Class:      9.99 MB used.
       Both:     93.51 MB used.

Virtual space:
  Non-class space:      128.00 MB reserved,      84.56 MB ( 66%) committed,  2 nodes.
      Class space:        1.00 GB reserved,      10.94 MB (  1%) committed,  1 nodes.
             Both:        1.12 GB reserved,      95.50 MB (  8%) committed. 

Chunk freelists:
   Non-Class:  11.55 MB
       Class:  5.12 MB
        Both:  16.67 MB

MaxMetaspaceSize: unlimited
CompressedClassSpaceSize: 1.00 GB
Initial GC threshold: 21.00 MB
Current GC threshold: 159.19 MB
CDS: on
 - commit_granule_bytes: 65536.
 - commit_granule_words: 8192.
 - virtual_space_node_default_size: 8388608.
 - enlarge_chunks_in_place: 1.
 - use_allocation_guard: 0.


Internal statistics:

num_allocs_failed_limit: 18.
num_arena_births: 1710.
num_arena_deaths: 348.
num_vsnodes_births: 3.
num_vsnodes_deaths: 0.
num_space_committed: 1528.
num_space_uncommitted: 0.
num_chunks_returned_to_freelist: 418.
num_chunks_taken_from_freelist: 6425.
num_chunk_merges: 111.
num_chunk_splits: 3800.
num_chunks_enlarged: 2094.
num_inconsistent_stats: 0.

CodeHeap 'non-profiled nmethods': size=119168Kb used=14130Kb max_used=16314Kb free=105037Kb
 bounds [0x0000020d983b0000, 0x0000020d993c0000, 0x0000020d9f810000]
CodeHeap 'profiled nmethods': size=119104Kb used=23173Kb max_used=31284Kb free=95930Kb
 bounds [0x0000020d90810000, 0x0000020d926a0000, 0x0000020d97c60000]
CodeHeap 'non-nmethods': size=7488Kb used=1736Kb max_used=3534Kb free=5751Kb
 bounds [0x0000020d97c60000, 0x0000020d97ff0000, 0x0000020d983b0000]
CodeCache: size=245760Kb, used=39039Kb, max_used=51132Kb, free=206718Kb
 total_blobs=11444, nmethods=10577, adapters=770, full_count=0
Compilation: enabled, stopped_count=0, restarted_count=0

Compilation events (20 events):
Event: 1175.065 Thread 0x0000020debdb9390 nmethod 23915 0x0000020d983e5a10 code [0x0000020d983e5be0, 0x0000020d983e6160]
Event: 1175.065 Thread 0x0000020debdb9390 23918       4       java.util.function.Function::andThen (13 bytes)
Event: 1175.068 Thread 0x0000020debdb9390 nmethod 23918 0x0000020d98405f90 code [0x0000020d98406120, 0x0000020d98406238]
Event: 1175.069 Thread 0x0000020debdb9390 23919       4       java.util.function.Function::lambda$andThen$1 (14 bytes)
Event: 1175.075 Thread 0x0000020debdb9390 nmethod 23919 0x0000020d98471090 code [0x0000020d98471260, 0x0000020d984714c8]
Event: 1175.075 Thread 0x0000020debdb9390 23920       4       java.util.stream.Collectors::collectingAndThen (95 bytes)
Event: 1175.126 Thread 0x0000020debdb9390 nmethod 23920 0x0000020d9882ab10 code [0x0000020d9882ad80, 0x0000020d9882b9c0]
Event: 1175.126 Thread 0x0000020debdb9390 23921       4       org.apache.maven.model.profile.DefaultProfileActivationContext::setProjectProperties (58 bytes)
Event: 1175.166 Thread 0x0000020debdb9390 nmethod 23921 0x0000020d984f4f90 code [0x0000020d984f51c0, 0x0000020d984f5e58]
Event: 1175.167 Thread 0x0000020debdb9390 23906       4       org.apache.maven.model.validation.DefaultModelValidator::validateDependencyVersion (25 bytes)
Event: 1175.168 Thread 0x0000020debdb9390 nmethod 23906 0x0000020d985b7a90 code [0x0000020d985b7c40, 0x0000020d985b7d88]
Event: 1175.169 Thread 0x0000020debdb9390 23901       4       java.lang.Throwable::<init> (34 bytes)
Event: 1175.172 Thread 0x0000020debdb9390 nmethod 23901 0x0000020d984d5590 code [0x0000020d984d5740, 0x0000020d984d5b10]
Event: 1175.330 Thread 0x0000020dfc9a4440 nmethod 23885 0x0000020d98e7f710 code [0x0000020d98e80160, 0x0000020d98e89e00]
Event: 1175.420 Thread 0x0000020debdb8cc0 nmethod 23911 0x0000020d9939ea10 code [0x0000020d993a03a0, 0x0000020d993ae900]
Event: 1177.819 Thread 0x0000020debdb8cc0 23925       4       java.io.File::<init> (111 bytes)
Event: 1178.013 Thread 0x0000020debdb9390 23926       4       java.lang.String::contains (19 bytes)
Event: 1178.018 Thread 0x0000020debdb9390 nmethod 23926 0x0000020d98566c90 code [0x0000020d98566e20, 0x0000020d985671e8]
Event: 1178.041 Thread 0x0000020da44cb0c0 23927       3       java.lang.invoke.LambdaForm$MH/0x0000020da6176c00::invoke (94 bytes)
Event: 1178.042 Thread 0x0000020da44cb0c0 nmethod 23927 0x0000020d90b83890 code [0x0000020d90b83ae0, 0x0000020d90b84750]

GC Heap History (20 events):
Event: 345.861 GC heap before
{Heap before GC invocations=68 (full 0):
 garbage-first heap   total 488448K, used 412657K [0x00000000c0000000, 0x0000000100000000)
  region size 1024K, 132 young (135168K), 19 survivors (19456K)
 Metaspace       used 92090K, committed 93952K, reserved 1179648K
  class space    used 9852K, committed 10688K, reserved 1048576K
}
Event: 345.868 GC heap after
{Heap after GC invocations=69 (full 0):
 garbage-first heap   total 488448K, used 299025K [0x00000000c0000000, 0x0000000100000000)
  region size 1024K, 3 young (3072K), 3 survivors (3072K)
 Metaspace       used 92090K, committed 93952K, reserved 1179648K
  class space    used 9852K, committed 10688K, reserved 1048576K
}
Event: 346.090 GC heap before
{Heap before GC invocations=70 (full 0):
 garbage-first heap   total 488448K, used 301073K [0x00000000c0000000, 0x0000000100000000)
  region size 1024K, 123 young (125952K), 3 survivors (3072K)
 Metaspace       used 92090K, committed 93952K, reserved 1179648K
  class space    used 9852K, committed 10688K, reserved 1048576K
}
Event: 346.095 GC heap after
{Heap after GC invocations=71 (full 0):
 garbage-first heap   total 488448K, used 175553K [0x00000000c0000000, 0x0000000100000000)
  region size 1024K, 1 young (1024K), 1 survivors (1024K)
 Metaspace       used 92090K, committed 93952K, reserved 1179648K
  class space    used 9852K, committed 10688K, reserved 1048576K
}
Event: 347.469 GC heap before
{Heap before GC invocations=71 (full 0):
 garbage-first heap   total 488448K, used 408001K [0x00000000c0000000, 0x0000000100000000)
  region size 1024K, 219 young (224256K), 1 survivors (1024K)
 Metaspace       used 92284K, committed 94144K, reserved 1179648K
  class space    used 9872K, committed 10688K, reserved 1048576K
}
Event: 347.473 GC heap after
{Heap after GC invocations=72 (full 0):
 garbage-first heap   total 488448K, used 154290K [0x00000000c0000000, 0x0000000100000000)
  region size 1024K, 3 young (3072K), 3 survivors (3072K)
 Metaspace       used 92284K, committed 94144K, reserved 1179648K
  class space    used 9872K, committed 10688K, reserved 1048576K
}
Event: 347.488 GC heap before
{Heap before GC invocations=72 (full 0):
 garbage-first heap   total 488448K, used 173746K [0x00000000c0000000, 0x0000000100000000)
  region size 1024K, 24 young (24576K), 3 survivors (3072K)
 Metaspace       used 92288K, committed 94144K, reserved 1179648K
  class space    used 9873K, committed 10688K, reserved 1048576K
}
Event: 347.492 GC heap after
{Heap after GC invocations=73 (full 0):
 garbage-first heap   total 488448K, used 155231K [0x00000000c0000000, 0x0000000100000000)
  region size 1024K, 4 young (4096K), 4 survivors (4096K)
 Metaspace       used 92288K, committed 94144K, reserved 1179648K
  class space    used 9873K, committed 10688K, reserved 1048576K
}
Event: 347.751 GC heap before
{Heap before GC invocations=74 (full 0):
 garbage-first heap   total 488448K, used 389727K [0x00000000c0000000, 0x0000000100000000)
  region size 1024K, 234 young (239616K), 4 survivors (4096K)
 Metaspace       used 92336K, committed 94208K, reserved 1179648K
  class space    used 9875K, committed 10688K, reserved 1048576K
}
Event: 347.754 GC heap after
{Heap after GC invocations=75 (full 0):
 garbage-first heap   total 488448K, used 147702K [0x00000000c0000000, 0x0000000100000000)
  region size 1024K, 5 young (5120K), 5 survivors (5120K)
 Metaspace       used 92336K, committed 94208K, reserved 1179648K
  class space    used 9875K, committed 10688K, reserved 1048576K
}
Event: 1098.372 GC heap before
{Heap before GC invocations=75 (full 0):
 garbage-first heap   total 488448K, used 409846K [0x00000000c0000000, 0x0000000100000000)
  region size 1024K, 258 young (264192K), 5 survivors (5120K)
 Metaspace       used 95511K, committed 97408K, reserved 1179648K
  class space    used 10283K, committed 11136K, reserved 1048576K
}
Event: 1098.381 GC heap after
{Heap after GC invocations=76 (full 0):
 garbage-first heap   total 488448K, used 136559K [0x00000000c0000000, 0x0000000100000000)
  region size 1024K, 8 young (8192K), 8 survivors (8192K)
 Metaspace       used 95511K, committed 97408K, reserved 1179648K
  class space    used 10283K, committed 11136K, reserved 1048576K
}
Event: 1102.028 GC heap before
{Heap before GC invocations=76 (full 0):
 garbage-first heap   total 488448K, used 308591K [0x00000000c0000000, 0x0000000100000000)
  region size 1024K, 177 young (181248K), 8 survivors (8192K)
 Metaspace       used 95549K, committed 97536K, reserved 1179648K
  class space    used 10288K, committed 11200K, reserved 1048576K
}
Event: 1102.034 GC heap after
{Heap after GC invocations=77 (full 0):
 garbage-first heap   total 488448K, used 141043K [0x00000000c0000000, 0x0000000100000000)
  region size 1024K, 12 young (12288K), 12 survivors (12288K)
 Metaspace       used 95549K, committed 97536K, reserved 1179648K
  class space    used 10288K, committed 11200K, reserved 1048576K
}
Event: 1131.713 GC heap before
{Heap before GC invocations=78 (full 0):
 garbage-first heap   total 481280K, used 426739K [0x00000000c0000000, 0x0000000100000000)
  region size 1024K, 282 young (288768K), 12 survivors (12288K)
 Metaspace       used 95545K, committed 97664K, reserved 1179648K
  class space    used 10218K, committed 11200K, reserved 1048576K
}
Event: 1131.721 GC heap after
{Heap after GC invocations=79 (full 0):
 garbage-first heap   total 481280K, used 146094K [0x00000000c0000000, 0x0000000100000000)
  region size 1024K, 17 young (17408K), 17 survivors (17408K)
 Metaspace       used 95545K, committed 97664K, reserved 1179648K
  class space    used 10218K, committed 11200K, reserved 1048576K
}
Event: 1172.952 GC heap before
{Heap before GC invocations=79 (full 0):
 garbage-first heap   total 481280K, used 420526K [0x00000000c0000000, 0x0000000100000000)
  region size 1024K, 282 young (288768K), 17 survivors (17408K)
 Metaspace       used 95756K, committed 97792K, reserved 1179648K
  class space    used 10228K, committed 11200K, reserved 1048576K
}
Event: 1172.966 GC heap after
{Heap after GC invocations=80 (full 0):
 garbage-first heap   total 481280K, used 151900K [0x00000000c0000000, 0x0000000100000000)
  region size 1024K, 28 young (28672K), 28 survivors (28672K)
 Metaspace       used 95756K, committed 97792K, reserved 1179648K
  class space    used 10228K, committed 11200K, reserved 1048576K
}
Event: 1174.674 GC heap before
{Heap before GC invocations=80 (full 0):
 garbage-first heap   total 481280K, used 226652K [0x00000000c0000000, 0x0000000100000000)
  region size 1024K, 103 young (105472K), 28 survivors (28672K)
 Metaspace       used 95759K, committed 97792K, reserved 1179648K
  class space    used 10230K, committed 11200K, reserved 1048576K
}
Event: 1174.702 GC heap after
{Heap after GC invocations=81 (full 0):
 garbage-first heap   total 481280K, used 148603K [0x00000000c0000000, 0x0000000100000000)
  region size 1024K, 16 young (16384K), 16 survivors (16384K)
 Metaspace       used 95759K, committed 97792K, reserved 1179648K
  class space    used 10230K, committed 11200K, reserved 1048576K
}

Dll operation events (14 events):
Event: 0.013 Loaded shared library c:\Users\backu\.vscode\extensions\redhat.java-1.55.0-win32-x64\jre\21.0.11-win32-x86_64\bin\java.dll
Event: 0.128 Loaded shared library c:\Users\backu\.vscode\extensions\redhat.java-1.55.0-win32-x64\jre\21.0.11-win32-x86_64\bin\zip.dll
Event: 0.156 Loaded shared library C:\Users\backu\.vscode\extensions\redhat.java-1.55.0-win32-x64\jre\21.0.11-win32-x86_64\bin\instrument.dll
Event: 0.162 Loaded shared library C:\Users\backu\.vscode\extensions\redhat.java-1.55.0-win32-x64\jre\21.0.11-win32-x86_64\bin\net.dll
Event: 0.165 Loaded shared library C:\Users\backu\.vscode\extensions\redhat.java-1.55.0-win32-x64\jre\21.0.11-win32-x86_64\bin\nio.dll
Event: 0.169 Loaded shared library C:\Users\backu\.vscode\extensions\redhat.java-1.55.0-win32-x64\jre\21.0.11-win32-x86_64\bin\zip.dll
Event: 0.191 Loaded shared library C:\Users\backu\.vscode\extensions\redhat.java-1.55.0-win32-x64\jre\21.0.11-win32-x86_64\bin\jimage.dll
Event: 0.292 Loaded shared library c:\Users\backu\.vscode\extensions\redhat.java-1.55.0-win32-x64\jre\21.0.11-win32-x86_64\bin\verify.dll
Event: 16.799 Loaded shared library C:\Users\backu\AppData\Roaming\Code\User\globalStorage\redhat.java\1.55.0\config_win\org.eclipse.equinox.launcher\org.eclipse.equinox.launcher.win32.win32.x86_64_1.3.100.v20260613-0559\eclipse_11924.dll
Event: 48.742 Loaded shared library C:\Users\backu\AppData\Local\Temp\jna-93493358\jna494495748965562500.dll
Event: 50.685 Loaded shared library C:\Users\backu\.vscode\extensions\redhat.java-1.55.0-win32-x64\jre\21.0.11-win32-x86_64\bin\management.dll
Event: 50.722 Loaded shared library C:\Users\backu\.vscode\extensions\redhat.java-1.55.0-win32-x64\jre\21.0.11-win32-x86_64\bin\management_ext.dll
Event: 51.484 Loaded shared library C:\Users\backu\.vscode\extensions\redhat.java-1.55.0-win32-x64\jre\21.0.11-win32-x86_64\bin\sunmscapi.dll
Event: 52.124 Loaded shared library C:\Users\backu\.vscode\extensions\redhat.java-1.55.0-win32-x64\jre\21.0.11-win32-x86_64\bin\extnet.dll

Deoptimization events (20 events):
Event: 1172.922 Thread 0x0000020deda15df0 DEOPT PACKING pc=0x0000020d9931d28c sp=0x00000073e821ea70
Event: 1172.922 Thread 0x0000020deda15df0 DEOPT UNPACKING pc=0x0000020d97cb4422 sp=0x00000073e821ea58 mode 2
Event: 1172.922 Thread 0x0000020deda150d0 Uncommon trap: trap_request=0xffffffbe fr.pc=0x0000020d9931d28c relative=0x000000000000844c
Event: 1172.922 Thread 0x0000020deda150d0 Uncommon trap: reason=profile_predicate action=maybe_recompile pc=0x0000020d9931d28c method=org.apache.maven.repository.internal.ArtifactDescriptorReaderDelegate.populateResult(Lorg/eclipse/aether/RepositorySystemSession;Lorg/eclipse/aether/resolution/Art
Event: 1172.922 Thread 0x0000020deda150d0 DEOPT PACKING pc=0x0000020d9931d28c sp=0x00000073e811ecb0
Event: 1172.922 Thread 0x0000020deda150d0 DEOPT UNPACKING pc=0x0000020d97cb4422 sp=0x00000073e811ec98 mode 2
Event: 1173.041 Thread 0x0000020deda13d20 Uncommon trap: trap_request=0xffffffbe fr.pc=0x0000020d991d1fac relative=0x0000000000007cec
Event: 1173.041 Thread 0x0000020deda13d20 Uncommon trap: reason=profile_predicate action=maybe_recompile pc=0x0000020d991d1fac method=org.apache.maven.repository.internal.ArtifactDescriptorReaderDelegate.populateResult(Lorg/eclipse/aether/RepositorySystemSession;Lorg/eclipse/aether/resolution/Art
Event: 1173.041 Thread 0x0000020deda13d20 DEOPT PACKING pc=0x0000020d991d1fac sp=0x00000073e831ed50
Event: 1173.041 Thread 0x0000020deda13d20 DEOPT UNPACKING pc=0x0000020d97cb4422 sp=0x00000073e831ed70 mode 2
Event: 1173.042 Thread 0x0000020deda13d20 Uncommon trap: trap_request=0xffffffbe fr.pc=0x0000020d991d1fac relative=0x0000000000007cec
Event: 1173.042 Thread 0x0000020deda13d20 Uncommon trap: reason=profile_predicate action=maybe_recompile pc=0x0000020d991d1fac method=org.apache.maven.repository.internal.ArtifactDescriptorReaderDelegate.populateResult(Lorg/eclipse/aether/RepositorySystemSession;Lorg/eclipse/aether/resolution/Art
Event: 1173.042 Thread 0x0000020deda13d20 DEOPT PACKING pc=0x0000020d991d1fac sp=0x00000073e831ed50
Event: 1173.042 Thread 0x0000020deda13d20 DEOPT UNPACKING pc=0x0000020d97cb4422 sp=0x00000073e831ed70 mode 2
Event: 1173.851 Thread 0x0000020deda14a40 DEOPT PACKING pc=0x0000020d9197f0ae sp=0x00000073e64fde50
Event: 1173.851 Thread 0x0000020deda14a40 DEOPT UNPACKING pc=0x0000020d97cb4bc2 sp=0x00000073e64fd378 mode 0
Event: 1173.895 Thread 0x0000020deda150d0 DEOPT PACKING pc=0x0000020d90dcafcb sp=0x00000073e811e1e0
Event: 1173.895 Thread 0x0000020deda150d0 DEOPT UNPACKING pc=0x0000020d97cb4bc2 sp=0x00000073e811d758 mode 0
Event: 1174.141 Thread 0x0000020ded449320 DEOPT PACKING pc=0x0000020d91c7be15 sp=0x00000073eb7fd770
Event: 1174.141 Thread 0x0000020ded449320 DEOPT UNPACKING pc=0x0000020d97cb4bc2 sp=0x00000073eb7fcc28 mode 0

Classes loaded (20 events):
Event: 354.703 Loading class sun/security/provider/certpath/OCSPResponse$SingleResponse
Event: 354.703 Loading class sun/security/provider/certpath/OCSP$RevocationStatus
Event: 354.703 Loading class sun/security/provider/certpath/OCSP$RevocationStatus done
Event: 354.703 Loading class sun/security/provider/certpath/OCSPResponse$SingleResponse done
Event: 354.703 Loading class sun/security/provider/certpath/CertId
Event: 354.704 Loading class sun/security/provider/certpath/CertId done
Event: 354.704 Loading class sun/security/provider/certpath/OCSP$RevocationStatus$CertStatus
Event: 354.704 Loading class sun/security/provider/certpath/OCSP$RevocationStatus$CertStatus done
Event: 354.717 Loading class sun/security/rsa/MGF1
Event: 354.718 Loading class sun/security/rsa/MGF1 done
Event: 354.720 Loading class sun/security/ssl/CipherSuite$1
Event: 354.721 Loading class sun/security/ssl/CipherSuite$1 done
Event: 354.775 Loading class java/util/stream/ReduceOps$6
Event: 354.776 Loading class java/util/stream/ReduceOps$6 done
Event: 354.776 Loading class java/util/stream/ReduceOps$5ReducingSink
Event: 354.776 Loading class java/util/stream/ReduceOps$5ReducingSink done
Event: 355.270 Loading class java/util/stream/FindOps$FindSink$OfLong
Event: 355.272 Loading class java/util/stream/FindOps$FindSink$OfLong done
Event: 355.272 Loading class java/util/OptionalLong
Event: 355.272 Loading class java/util/OptionalLong done

Classes unloaded (20 events):
Event: 1102.097 Thread 0x0000020da447af80 Unloading class 0x0000020da600cc00 'java/lang/invoke/LambdaForm$MH+0x0000020da600cc00'
Event: 1102.097 Thread 0x0000020da447af80 Unloading class 0x0000020da600c800 'java/lang/invoke/LambdaForm$BMH+0x0000020da600c800'
Event: 1102.097 Thread 0x0000020da447af80 Unloading class 0x0000020da600c000 'java/lang/invoke/LambdaForm$DMH+0x0000020da600c000'
Event: 1102.097 Thread 0x0000020da447af80 Unloading class 0x0000020da6008c00 'java/lang/invoke/LambdaForm$MH+0x0000020da6008c00'
Event: 1102.097 Thread 0x0000020da447af80 Unloading class 0x0000020da6008800 'java/lang/invoke/LambdaForm$MH+0x0000020da6008800'
Event: 1102.097 Thread 0x0000020da447af80 Unloading class 0x0000020da6008400 'java/lang/invoke/LambdaForm$MH+0x0000020da6008400'
Event: 1102.097 Thread 0x0000020da447af80 Unloading class 0x0000020da6007000 'java/lang/invoke/LambdaForm$MH+0x0000020da6007000'
Event: 1102.097 Thread 0x0000020da447af80 Unloading class 0x0000020da6006800 'java/lang/invoke/LambdaForm$MH+0x0000020da6006800'
Event: 1102.097 Thread 0x0000020da447af80 Unloading class 0x0000020da6006400 'java/lang/invoke/LambdaForm$MH+0x0000020da6006400'
Event: 1102.097 Thread 0x0000020da447af80 Unloading class 0x0000020da6006000 'java/lang/invoke/LambdaForm$MH+0x0000020da6006000'
Event: 1102.097 Thread 0x0000020da447af80 Unloading class 0x0000020da6005c00 'java/lang/invoke/LambdaForm$BMH+0x0000020da6005c00'
Event: 1102.097 Thread 0x0000020da447af80 Unloading class 0x0000020da6004800 'java/lang/invoke/LambdaForm$DMH+0x0000020da6004800'
Event: 1102.097 Thread 0x0000020da447af80 Unloading class 0x0000020da6002400 'java/lang/invoke/LambdaForm$MH+0x0000020da6002400'
Event: 1102.097 Thread 0x0000020da447af80 Unloading class 0x0000020da6002000 'java/lang/invoke/LambdaForm$MH+0x0000020da6002000'
Event: 1102.097 Thread 0x0000020da447af80 Unloading class 0x0000020da6001800 'java/lang/invoke/LambdaForm$MH+0x0000020da6001800'
Event: 1174.858 Thread 0x0000020da447af80 Unloading class 0x0000020da673c000 'java/lang/invoke/LambdaForm$MH+0x0000020da673c000'
Event: 1174.858 Thread 0x0000020da447af80 Unloading class 0x0000020da62af800 'java/lang/invoke/LambdaForm$MH+0x0000020da62af800'
Event: 1174.858 Thread 0x0000020da447af80 Unloading class 0x0000020da62af400 'java/lang/invoke/LambdaForm$MH+0x0000020da62af400'
Event: 1174.858 Thread 0x0000020da447af80 Unloading class 0x0000020da61ac000 'java/lang/invoke/LambdaForm$MH+0x0000020da61ac000'
Event: 1174.858 Thread 0x0000020da447af80 Unloading class 0x0000020da61a9c00 'java/lang/invoke/LambdaForm$MH+0x0000020da61a9c00'

Classes redefined (0 events):
No events

Internal exceptions (20 events):
Event: 1126.603 Thread 0x0000020deb2ce4f0 Exception <a 'sun/nio/fs/WindowsException'{0x00000000cad90d40}> (0x00000000cad90d40) 
thrown [s\src\hotspot\share\prims\jni.cpp, line 520]
Event: 1126.603 Thread 0x0000020deb2ce4f0 Exception <a 'sun/nio/fs/WindowsException'{0x00000000cad913b0}> (0x00000000cad913b0) 
thrown [s\src\hotspot\share\prims\jni.cpp, line 520]
Event: 1136.776 Thread 0x0000020ded449320 Exception <a 'sun/nio/fs/WindowsException'{0x00000000fe691798}> (0x00000000fe691798) 
thrown [s\src\hotspot\share\prims\jni.cpp, line 520]
Event: 1136.776 Thread 0x0000020ded449320 Exception <a 'sun/nio/fs/WindowsException'{0x00000000fe692190}> (0x00000000fe692190) 
thrown [s\src\hotspot\share\prims\jni.cpp, line 520]
Event: 1136.776 Thread 0x0000020ded449320 Exception <a 'sun/nio/fs/WindowsException'{0x00000000fe693168}> (0x00000000fe693168) 
thrown [s\src\hotspot\share\prims\jni.cpp, line 520]
Event: 1136.776 Thread 0x0000020ded449320 Exception <a 'sun/nio/fs/WindowsException'{0x00000000fe693b60}> (0x00000000fe693b60) 
thrown [s\src\hotspot\share\prims\jni.cpp, line 520]
Event: 1136.777 Thread 0x0000020ded449320 Exception <a 'sun/nio/fs/WindowsException'{0x00000000fe695568}> (0x00000000fe695568) 
thrown [s\src\hotspot\share\prims\jni.cpp, line 520]
Event: 1136.777 Thread 0x0000020ded449320 Exception <a 'sun/nio/fs/WindowsException'{0x00000000fe695cb0}> (0x00000000fe695cb0) 
thrown [s\src\hotspot\share\prims\jni.cpp, line 520]
Event: 1137.428 Thread 0x0000020ded449320 Exception <a 'sun/nio/fs/WindowsException'{0x00000000d2799ca0}> (0x00000000d2799ca0) 
thrown [s\src\hotspot\share\prims\jni.cpp, line 520]
Event: 1137.428 Thread 0x0000020ded449320 Exception <a 'sun/nio/fs/WindowsException'{0x00000000d279a698}> (0x00000000d279a698) 
thrown [s\src\hotspot\share\prims\jni.cpp, line 520]
Event: 1137.877 Thread 0x0000020def75c590 Exception <a 'sun/nio/fs/WindowsException'{0x00000000d14f3600}> (0x00000000d14f3600) 
thrown [s\src\hotspot\share\prims\jni.cpp, line 520]
Event: 1137.877 Thread 0x0000020def75c590 Exception <a 'sun/nio/fs/WindowsException'{0x00000000d14f3c70}> (0x00000000d14f3c70) 
thrown [s\src\hotspot\share\prims\jni.cpp, line 520]
Event: 1172.290 Thread 0x0000020ded449320 Exception <a 'sun/nio/fs/WindowsException'{0x00000000cffe19c0}> (0x00000000cffe19c0) 
thrown [s\src\hotspot\share\prims\jni.cpp, line 520]
Event: 1172.291 Thread 0x0000020ded449320 Exception <a 'sun/nio/fs/WindowsException'{0x00000000cffe23b8}> (0x00000000cffe23b8) 
thrown [s\src\hotspot\share\prims\jni.cpp, line 520]
Event: 1172.291 Thread 0x0000020ded449320 Exception <a 'sun/nio/fs/WindowsException'{0x00000000cffe3390}> (0x00000000cffe3390) 
thrown [s\src\hotspot\share\prims\jni.cpp, line 520]
Event: 1172.292 Thread 0x0000020ded449320 Exception <a 'sun/nio/fs/WindowsException'{0x00000000cffe3d88}> (0x00000000cffe3d88) 
thrown [s\src\hotspot\share\prims\jni.cpp, line 520]
Event: 1172.293 Thread 0x0000020ded449320 Exception <a 'sun/nio/fs/WindowsException'{0x00000000cffe5770}> (0x00000000cffe5770) 
thrown [s\src\hotspot\share\prims\jni.cpp, line 520]
Event: 1172.293 Thread 0x0000020ded449320 Exception <a 'sun/nio/fs/WindowsException'{0x00000000cffe5eb8}> (0x00000000cffe5eb8) 
thrown [s\src\hotspot\share\prims\jni.cpp, line 520]
Event: 1174.588 Thread 0x0000020ded449320 Exception <a 'sun/nio/fs/WindowsException'{0x00000000fa643de0}> (0x00000000fa643de0) 
thrown [s\src\hotspot\share\prims\jni.cpp, line 520]
Event: 1174.596 Thread 0x0000020ded449320 Exception <a 'sun/nio/fs/WindowsException'{0x00000000fa6447d8}> (0x00000000fa6447d8) 
thrown [s\src\hotspot\share\prims\jni.cpp, line 520]

ZGC Phase Switch (0 events):
No events

VM Operations (20 events):
Event: 1146.624 Executing non-safepoint VM operation: HandshakeAllThreads (HandshakeForDeflation)
Event: 1146.624 Executing non-safepoint VM operation: HandshakeAllThreads (HandshakeForDeflation) done
Event: 1146.624 Executing non-safepoint VM operation: RendezvousGCThreads
Event: 1146.624 Executing non-safepoint VM operation: RendezvousGCThreads done
Event: 1169.822 Executing safepoint VM operation: Cleanup
Event: 1169.822 Executing safepoint VM operation: Cleanup done
Event: 1170.822 Executing safepoint VM operation: Cleanup
Event: 1170.822 Executing safepoint VM operation: Cleanup done
Event: 1172.836 Executing safepoint VM operation: Cleanup
Event: 1172.836 Executing safepoint VM operation: Cleanup done
Event: 1172.952 Executing safepoint VM operation: G1CollectForAllocation (G1 Evacuation Pause)
Event: 1172.966 Executing safepoint VM operation: G1CollectForAllocation (G1 Evacuation Pause) done
Event: 1173.972 Executing safepoint VM operation: Cleanup
Event: 1173.972 Executing safepoint VM operation: Cleanup done
Event: 1174.674 Executing safepoint VM operation: G1TryInitiateConcMark (G1 Humongous Allocation)
Event: 1174.702 Executing safepoint VM operation: G1TryInitiateConcMark (G1 Humongous Allocation) done
Event: 1174.856 Executing safepoint VM operation: G1PauseRemark
Event: 1174.948 Executing safepoint VM operation: G1PauseRemark done
Event: 1175.826 Executing safepoint VM operation: G1PauseCleanup
Event: 1175.826 Executing safepoint VM operation: G1PauseCleanup done

Memory protections (0 events):
No events

Nmethod flushes (20 events):
Event: 1174.945 Thread 0x0000020da447af80 flushing  nmethod 0x0000020d91c51c90
Event: 1174.945 Thread 0x0000020da447af80 flushing  nmethod 0x0000020d91c54e90
Event: 1174.945 Thread 0x0000020da447af80 flushing  nmethod 0x0000020d91c59890
Event: 1174.945 Thread 0x0000020da447af80 flushing  nmethod 0x0000020d91c5ba10
Event: 1174.945 Thread 0x0000020da447af80 flushing  nmethod 0x0000020d91e0eb90
Event: 1174.945 Thread 0x0000020da447af80 flushing  nmethod 0x0000020d91e10310
Event: 1174.945 Thread 0x0000020da447af80 flushing  nmethod 0x0000020d91e16290
Event: 1174.945 Thread 0x0000020da447af80 flushing  nmethod 0x0000020d91e16610
Event: 1174.945 Thread 0x0000020da447af80 flushing  nmethod 0x0000020d91e16f90
Event: 1174.945 Thread 0x0000020da447af80 flushing  nmethod 0x0000020d91e17990
Event: 1174.945 Thread 0x0000020da447af80 flushing  nmethod 0x0000020d91e17d10
Event: 1174.945 Thread 0x0000020da447af80 flushing  nmethod 0x0000020d91e18610
Event: 1174.945 Thread 0x0000020da447af80 flushing  nmethod 0x0000020d91e1bc10
Event: 1174.945 Thread 0x0000020da447af80 flushing  nmethod 0x0000020d91e1dc90
Event: 1174.945 Thread 0x0000020da447af80 flushing  nmethod 0x0000020d92518490
Event: 1174.945 Thread 0x0000020da447af80 flushing  nmethod 0x0000020d925ac390
Event: 1174.945 Thread 0x0000020da447af80 flushing  nmethod 0x0000020d925ad390
Event: 1174.945 Thread 0x0000020da447af80 flushing  nmethod 0x0000020d925afe10
Event: 1174.945 Thread 0x0000020da447af80 flushing  nmethod 0x0000020d925b6b10
Event: 1174.945 Thread 0x0000020da447af80 flushing  nmethod 0x0000020d925bb910

Events (20 events):
Event: 1139.307 Thread 0x0000020debdb9390 Thread exited: 0x0000020debdb9390
Event: 1139.307 Thread 0x0000020debdb8cc0 Thread exited: 0x0000020debdb8cc0
Event: 1139.308 Thread 0x0000020def75b870 Thread exited: 0x0000020def75b870
Event: 1152.925 Thread 0x0000020df1869b40 Thread exited: 0x0000020df1869b40
Event: 1172.381 Thread 0x0000020da44cb0c0 Thread added: 0x0000020dfc9a36a0
Event: 1172.917 Thread 0x0000020dfc9a36a0 Thread added: 0x0000020debdb9390
Event: 1172.917 Thread 0x0000020dfc9a36a0 Thread added: 0x0000020debdb8cc0
Event: 1172.918 Thread 0x0000020ded449320 Thread added: 0x0000020deda14a40
Event: 1172.919 Thread 0x0000020ded449320 Thread added: 0x0000020deda150d0
Event: 1172.919 Thread 0x0000020ded449320 Thread added: 0x0000020deda15df0
Event: 1172.919 Thread 0x0000020ded449320 Thread added: 0x0000020deda13d20
Event: 1172.919 Thread 0x0000020ded449320 Thread added: 0x0000020deda16480
Event: 1172.968 Thread 0x0000020debdb9390 Thread added: 0x0000020dfc9a4440
Event: 1173.432 Thread 0x0000020dfc9a36a0 Thread exited: 0x0000020dfc9a36a0
Event: 1174.126 Thread 0x0000020deda150d0 Thread exited: 0x0000020deda150d0
Event: 1174.126 Thread 0x0000020deda13d20 Thread exited: 0x0000020deda13d20
Event: 1174.127 Thread 0x0000020deda16480 Thread exited: 0x0000020deda16480
Event: 1174.127 Thread 0x0000020deda15df0 Thread exited: 0x0000020deda15df0
Event: 1174.129 Thread 0x0000020deda14a40 Thread exited: 0x0000020deda14a40
Event: 1177.819 Thread 0x0000020dfc9a4440 Thread exited: 0x0000020dfc9a4440


Dynamic libraries:
0x00007ff7f41c0000 - 0x00007ff7f41ce000 	c:\Users\backu\.vscode\extensions\redhat.java-1.55.0-win32-x64\jre\21.0.11-win32-x86_64\bin\java.exe
0x00007ff987460000 - 0x00007ff9876c6000 	C:\WINDOWS\SYSTEM32\ntdll.dll
0x00007ff985190000 - 0x00007ff985259000 	C:\WINDOWS\System32\KERNEL32.DLL
0x00007ff984680000 - 0x00007ff984a7e000 	C:\WINDOWS\System32\KERNELBASE.dll
0x00007ff984d40000 - 0x00007ff984e8c000 	C:\WINDOWS\System32\ucrtbase.dll
0x00007ff92fd80000 - 0x00007ff92fd98000 	c:\Users\backu\.vscode\extensions\redhat.java-1.55.0-win32-x64\jre\21.0.11-win32-x86_64\bin\jli.dll
0x00007ff92f6a0000 - 0x00007ff92f6be000 	c:\Users\backu\.vscode\extensions\redhat.java-1.55.0-win32-x64\jre\21.0.11-win32-x86_64\bin\VCRUNTIME140.dll
0x00007ff9852f0000 - 0x00007ff9854b7000 	C:\WINDOWS\System32\USER32.dll
0x00007ff964e70000 - 0x00007ff965102000 	C:\WINDOWS\WinSxS\amd64_microsoft.windows.common-controls_6595b64144ccf1df_6.0.26100.8875_none_3e0d5d42e32fe9dd\COMCTL32.dll
0x00007ff984d10000 - 0x00007ff984d37000 	C:\WINDOWS\System32\win32u.dll
0x00007ff986d40000 - 0x00007ff986de9000 	C:\WINDOWS\System32\msvcrt.dll
0x00007ff986d10000 - 0x00007ff986d3b000 	C:\WINDOWS\System32\GDI32.dll
0x00007ff984be0000 - 0x00007ff984d0a000 	C:\WINDOWS\System32\gdi32full.dll
0x00007ff984f60000 - 0x00007ff985003000 	C:\WINDOWS\System32\msvcp_win.dll
0x00007ff9854c0000 - 0x00007ff9854f2000 	C:\WINDOWS\System32\IMM32.DLL
0x00007ff9676d0000 - 0x00007ff9676dc000 	c:\Users\backu\.vscode\extensions\redhat.java-1.55.0-win32-x64\jre\21.0.11-win32-x86_64\bin\vcruntime140_1.dll
0x00007ff8f2aa0000 - 0x00007ff8f2b2d000 	c:\Users\backu\.vscode\extensions\redhat.java-1.55.0-win32-x64\jre\21.0.11-win32-x86_64\bin\msvcp140.dll
0x00007ff8dba50000 - 0x00007ff8dc7f2000 	c:\Users\backu\.vscode\extensions\redhat.java-1.55.0-win32-x64\jre\21.0.11-win32-x86_64\bin\server\jvm.dll
0x00007ff9855a0000 - 0x00007ff985657000 	C:\WINDOWS\System32\ADVAPI32.dll
0x00007ff985660000 - 0x00007ff98570a000 	C:\WINDOWS\System32\sechost.dll
0x00007ff986330000 - 0x00007ff986448000 	C:\WINDOWS\System32\RPCRT4.dll
0x00007ff985260000 - 0x00007ff9852e0000 	C:\WINDOWS\System32\WS2_32.dll
0x00007ff9838f0000 - 0x00007ff98394e000 	C:\WINDOWS\SYSTEM32\POWRPROF.dll
0x00007ff97c210000 - 0x00007ff97c246000 	C:\WINDOWS\SYSTEM32\WINMM.dll
0x00007ff979090000 - 0x00007ff97909b000 	C:\WINDOWS\SYSTEM32\VERSION.dll
0x00007ff9838d0000 - 0x00007ff9838e4000 	C:\WINDOWS\SYSTEM32\UMPDC.dll
0x00007ff9833d0000 - 0x00007ff9833eb000 	C:\WINDOWS\SYSTEM32\kernel.appcore.dll
0x00007ff967680000 - 0x00007ff96768a000 	c:\Users\backu\.vscode\extensions\redhat.java-1.55.0-win32-x64\jre\21.0.11-win32-x86_64\bin\jimage.dll
0x00007ff981c20000 - 0x00007ff981e62000 	C:\WINDOWS\SYSTEM32\DBGHELP.DLL
0x00007ff986e20000 - 0x00007ff9871a3000 	C:\WINDOWS\System32\combase.dll
0x00007ff986150000 - 0x00007ff986229000 	C:\WINDOWS\System32\OLEAUT32.dll
0x00007ff951120000 - 0x00007ff95115b000 	C:\WINDOWS\SYSTEM32\dbgcore.DLL
0x00007ff984b20000 - 0x00007ff984bcc000 	C:\WINDOWS\System32\bcryptPrimitives.dll
0x00007ff966ee0000 - 0x00007ff966eef000 	c:\Users\backu\.vscode\extensions\redhat.java-1.55.0-win32-x64\jre\21.0.11-win32-x86_64\bin\instrument.dll
0x00007ff927c90000 - 0x00007ff927cb0000 	c:\Users\backu\.vscode\extensions\redhat.java-1.55.0-win32-x64\jre\21.0.11-win32-x86_64\bin\java.dll
0x00007ff986540000 - 0x00007ff986cd2000 	C:\WINDOWS\System32\SHELL32.dll
0x00007ff982100000 - 0x00007ff982992000 	C:\WINDOWS\SYSTEM32\windows.storage.dll
0x00007ff986230000 - 0x00007ff986327000 	C:\WINDOWS\System32\SHCORE.dll
0x00007ff985530000 - 0x00007ff985597000 	C:\WINDOWS\System32\shlwapi.dll
0x00007ff9845a0000 - 0x00007ff9845c9000 	C:\WINDOWS\SYSTEM32\profapi.dll
0x00007ff9276b0000 - 0x00007ff9276c8000 	c:\Users\backu\.vscode\extensions\redhat.java-1.55.0-win32-x64\jre\21.0.11-win32-x86_64\bin\zip.dll
0x00007ff960a80000 - 0x00007ff960a90000 	C:\Users\backu\.vscode\extensions\redhat.java-1.55.0-win32-x64\jre\21.0.11-win32-x86_64\bin\net.dll
0x00007ff97a580000 - 0x00007ff97a6a7000 	C:\WINDOWS\SYSTEM32\WINHTTP.dll
0x00007ff983a30000 - 0x00007ff983a9c000 	C:\WINDOWS\system32\mswsock.dll
0x00007ff927670000 - 0x00007ff927686000 	C:\Users\backu\.vscode\extensions\redhat.java-1.55.0-win32-x64\jre\21.0.11-win32-x86_64\bin\nio.dll
0x00007ff95d580000 - 0x00007ff95d590000 	c:\Users\backu\.vscode\extensions\redhat.java-1.55.0-win32-x64\jre\21.0.11-win32-x86_64\bin\verify.dll
0x00007ff95c030000 - 0x00007ff95c075000 	C:\Users\backu\AppData\Roaming\Code\User\globalStorage\redhat.java\1.55.0\config_win\org.eclipse.equinox.launcher\org.eclipse.equinox.launcher.win32.win32.x86_64_1.3.100.v20260613-0559\eclipse_11924.dll
0x00007ff985890000 - 0x00007ff985a29000 	C:\WINDOWS\System32\ole32.dll
0x00007ff983d30000 - 0x00007ff983d4b000 	C:\WINDOWS\SYSTEM32\CRYPTSP.dll
0x00007ff9832c0000 - 0x00007ff9832f9000 	C:\WINDOWS\system32\rsaenh.dll
0x00007ff983af0000 - 0x00007ff983b22000 	C:\WINDOWS\SYSTEM32\USERENV.dll
0x00007ff984570000 - 0x00007ff98459a000 	C:\WINDOWS\SYSTEM32\bcrypt.dll
0x00007ff983d50000 - 0x00007ff983d5c000 	C:\WINDOWS\SYSTEM32\CRYPTBASE.dll
0x00007ff982d10000 - 0x00007ff982d43000 	C:\WINDOWS\SYSTEM32\IPHLPAPI.DLL
0x00007ff986e10000 - 0x00007ff986e1a000 	C:\WINDOWS\System32\NSI.dll
0x00007ff93a5d0000 - 0x00007ff93a619000 	C:\Users\backu\AppData\Local\Temp\jna-93493358\jna494495748965562500.dll
0x00007ff986530000 - 0x00007ff986538000 	C:\WINDOWS\System32\PSAPI.DLL
0x00007ff960c90000 - 0x00007ff960c9a000 	C:\Users\backu\.vscode\extensions\redhat.java-1.55.0-win32-x64\jre\21.0.11-win32-x86_64\bin\management.dll
0x00007ff95d430000 - 0x00007ff95d43c000 	C:\Users\backu\.vscode\extensions\redhat.java-1.55.0-win32-x64\jre\21.0.11-win32-x86_64\bin\management_ext.dll
0x00007ff97ab30000 - 0x00007ff97ab4d000 	C:\WINDOWS\SYSTEM32\dhcpcsvc6.DLL
0x00007ff97ab00000 - 0x00007ff97ab25000 	C:\WINDOWS\SYSTEM32\dhcpcsvc.DLL
0x00007ff95d070000 - 0x00007ff95d07e000 	C:\Users\backu\.vscode\extensions\redhat.java-1.55.0-win32-x64\jre\21.0.11-win32-x86_64\bin\sunmscapi.dll
0x00007ff985010000 - 0x00007ff985188000 	C:\WINDOWS\System32\CRYPT32.dll
0x00007ff983f70000 - 0x00007ff983fa0000 	C:\WINDOWS\SYSTEM32\ncrypt.dll
0x00007ff983f20000 - 0x00007ff983f5f000 	C:\WINDOWS\SYSTEM32\NTASN1.dll
0x00007ff982da0000 - 0x00007ff982ef6000 	C:\WINDOWS\SYSTEM32\DNSAPI.dll
0x00007ff983780000 - 0x00007ff98378d000 	C:\WINDOWS\SYSTEM32\DSPARSE.dll
0x00007ff97e870000 - 0x00007ff97e87b000 	C:\Windows\System32\rasadhlp.dll
0x00007ff97ae90000 - 0x00007ff97af16000 	C:\WINDOWS\System32\fwpuclnt.dll
0x00007ff95bfd0000 - 0x00007ff95bfd9000 	C:\Users\backu\.vscode\extensions\redhat.java-1.55.0-win32-x64\jre\21.0.11-win32-x86_64\bin\extnet.dll
0x00007ff976720000 - 0x00007ff976728000 	C:\WINDOWS\system32\wshunix.dll

JVMTI agents:
c:\Users\backu\.vscode\extensions\redhat.java-1.55.0-win32-x64\lombok\lombok-1.18.39-4050.jar path:c:\Users\backu\.vscode\extensions\redhat.java-1.55.0-win32-x64\jre\21.0.11-win32-x86_64\bin\instrument.dll, loaded, initialized, instrumentlib options:none

dbghelp: loaded successfully - version: 4.0.5 - missing functions: none
symbol engine: initialized successfully - sym options: 0x614 - pdb path: .;c:\Users\backu\.vscode\extensions\redhat.java-1.55.0-win32-x64\jre\21.0.11-win32-x86_64\bin;C:\WINDOWS\SYSTEM32;C:\WINDOWS\WinSxS\amd64_microsoft.windows.common-controls_6595b64144ccf1df_6.0.26100.8875_none_3e0d5d42e32fe9dd;c:\Users\backu\.vscode\extensions\redhat.java-1.55.0-win32-x64\jre\21.0.11-win32-x86_64\bin\server;C:\Users\backu\AppData\Roaming\Code\User\globalStorage\redhat.java\1.55.0\config_win\org.eclipse.equinox.launcher\org.eclipse.equinox.launcher.win32.win32.x86_64_1.3.100.v20260613-0559;C:\Users\backu\AppData\Local\Temp\jna-93493358

VM Arguments:
jvm_args: --add-modules=ALL-SYSTEM --add-opens=java.base/java.util=ALL-UNNAMED --add-opens=java.base/java.lang=ALL-UNNAMED --add-opens=java.base/sun.nio.fs=ALL-UNNAMED -Declipse.application=org.eclipse.jdt.ls.core.id1 -Dosgi.bundles.defaultStartLevel=4 -Declipse.product=org.eclipse.jdt.ls.core.product -Djava.import.generatesMetadataFilesAtProjectRoot=false -DDetectVMInstallationsJob.disabled=true -Dfile.encoding=utf8 -Xlog:disable -Xms256m -Xmx1024m -XX:+UseG1GC -XX:+UseStringDeduplication -javaagent:c:\Users\backu\.vscode\extensions\redhat.java-1.55.0-win32-x64\lombok\lombok-1.18.39-4050.jar -XX:+HeapDumpOnOutOfMemoryError -XX:HeapDumpPath=c:\Users\backu\AppData\Roaming\Code\User\workspaceStorage\168d849ae748a3a33731f4b1924235b6\redhat.java -Daether.dependencyCollector.impl=bf 
java_command: c:\Users\backu\.vscode\extensions\redhat.java-1.55.0-win32-x64\server\plugins\org.eclipse.equinox.launcher_1.7.200.v20260619-2039.jar -configuration c:\Users\backu\AppData\Roaming\Code\User\globalStorage\redhat.java\1.55.0\config_win -data c:\Users\backu\AppData\Roaming\Code\User\workspaceStorage\168d849ae748a3a33731f4b1924235b6\redhat.java\jdt_ws --pipe=\\.\pipe\lsp-09c8119e9804fd07c74dac9e9b39e718-sock
java_class_path (initial): c:\Users\backu\.vscode\extensions\redhat.java-1.55.0-win32-x64\server\plugins\org.eclipse.equinox.launcher_1.7.200.v20260619-2039.jar
Launcher Type: SUN_STANDARD

[Global flags]
     intx CICompilerCount                          = 12                                        {product} {ergonomic}
     uint ConcGCThreads                            = 3                                         {product} {ergonomic}
     uint G1ConcRefinementThreads                  = 13                                        {product} {ergonomic}
   size_t G1HeapRegionSize                         = 1048576                                   {product} {ergonomic}
    uintx GCDrainStackTargetSize                   = 64                                        {product} {ergonomic}
     bool HeapDumpOnOutOfMemoryError               = true                                   {manageable} {command line}
    ccstr HeapDumpPath                             = c:\Users\backu\AppData\Roaming\Code\User\workspaceStorage\168d849ae748a3a33731f4b1924235b6\redhat.java         {manageable} {command line}
   size_t InitialHeapSize                          = 268435456                                 {product} {command line}
   size_t MarkStackSize                            = 4194304                                   {product} {ergonomic}
   size_t MaxHeapSize                              = 1073741824                                {product} {command line}
   size_t MaxNewSize                               = 643825664                                 {product} {ergonomic}
   size_t MinHeapDeltaBytes                        = 1048576                                   {product} {ergonomic}
   size_t MinHeapSize                              = 268435456                                 {product} {command line}
    uintx NonNMethodCodeHeapSize                   = 7602480                                {pd product} {ergonomic}
    uintx NonProfiledCodeHeapSize                  = 122027880                              {pd product} {ergonomic}
    uintx ProfiledCodeHeapSize                     = 122027880                              {pd product} {ergonomic}
    uintx ReservedCodeCacheSize                    = 251658240                              {pd product} {ergonomic}
     bool SegmentedCodeCache                       = true                                      {product} {ergonomic}
   size_t SoftMaxHeapSize                          = 1073741824                             {manageable} {ergonomic}
     bool UseCompressedOops                        = true                           {product lp64_product} {ergonomic}
     bool UseG1GC                                  = true                                      {product} {command line}
     bool UseLargePagesIndividualAllocation        = false                                  {pd product} {ergonomic}
     bool UseStringDeduplication                   = true                                      {product} {command line}

Logging:
Log output configuration:
 #0: stdout all=off uptime,level,tags foldmultilines=false
 #1: stderr all=off uptime,level,tags foldmultilines=false

Release file:
JAVA_VERSION="21.0.11" 
MODULES="java.base java.compiler java.datatransfer java.xml java.prefs java.desktop java.instrument java.logging java.management java.security.sasl java.naming java.rmi java.management.rmi java.net.http java.scripting java.security.jgss java.transaction.xa java.sql java.sql.rowset java.xml.crypto java.se java.smartcardio jdk.accessibility jdk.internal.jvmstat jdk.attach jdk.charsets jdk.internal.opt jdk.zipfs jdk.compiler jdk.crypto.ec jdk.crypto.cryptoki jdk.crypto.mscapi jdk.dynalink jdk.internal.ed jdk.editpad jdk.hotspot.agent jdk.httpserver jdk.internal.le jdk.internal.vm.ci jdk.internal.vm.compiler jdk.internal.vm.compiler.management jdk.jartool jdk.javadoc jdk.jcmd jdk.management jdk.management.agent jdk.jconsole jdk.jdeps jdk.jdwp.agent jdk.jdi jdk.jfr jdk.jshell jdk.jsobject jdk.jstatd jdk.localedata jdk.management.jfr jdk.naming.dns jdk.naming.rmi jdk.net jdk.nio.mapmode jdk.random jdk.sctp jdk.security.auth jdk.security.jgss jdk.unsupported jdk.unsupported.desktop jdk.xml.dom" 

Environment Variables:
JAVA_HOME=C:\Users\backu\Downloads\openjdk-21+35_windows-x64_bin\jdk-21
PATH=C:\SIMULIA\Commands;C:\Users\backu\Downloads\openjdk-21+35_windows-x64_bin\jdk-21;C:\Windows\system32;C:\Windows;C:\Windows\System32\Wbem;C:\Windows\System32\WindowsPowerShell\v1.0\;C:\Windows\System32\OpenSSH\;C:\Program Files\dotnet\;C:\WINDOWS\system32;C:\WINDOWS;C:\WINDOWS\System32\Wbem;C:\WINDOWS\System32\WindowsPowerShell\v1.0\;C:\WINDOWS\System32\OpenSSH\;C:\Users\backu\Downloads\apache-maven-3.9.8-bin.zip\apache-maven-3.9.8\bin;C:\Program Files (x86)\Windows Kits\8.1\Windows Performance Toolkit\;C:\Program Files\Git\cmd;C:\Users\backu\Downloads\apache-maven-3.9.9-bin\apache-maven-3.9.9\bin;E:\Matlab\bin;C:\Program Files\Docker\Docker\resources\bin;C:\MinGW\bin;C:\Users\backu\Downloads\openjdk-21+35_windows-x64_bin\jdk-21\bin;C:\Program Files\nodejs\;C:\Program Files\WireGuard\;C:\Users\backu\AppData\Local\Programs\Python\Python313\Scripts\;C:\Users\backu\AppData\Local\Programs\Python\Python313\;C:\Program Files\MySQL\MySQL Shell 8.0\bin\;C:\Users\backu\AppData\Local\Microsoft\WindowsApps;C:\Users\backu\AppData\Local\Programs\Microsoft VS Code\bin;C:\Users\backu\AppData\Local\Programs\cursor\resources\app\bin;C:\Users\backu\AppData\Roaming\npm
USERNAME=backu
OS=Windows_NT
PROCESSOR_IDENTIFIER=Intel64 Family 6 Model 154 Stepping 3, GenuineIntel
TMP=C:\Users\backu\AppData\Local\Temp
TEMP=C:\Users\backu\AppData\Local\Temp




Periodic native trim disabled

---------------  S Y S T E M  ---------------

OS:
 Windows 11 , 64 bit Build 26100 (10.0.26100.8875)
OS uptime: 5 days 8:38 hours
Hyper-V role detected

CPU: total 16 (initial active 16) (8 cores per cpu, 2 threads per core) family 6 model 154 stepping 3 microcode 0x43b, cx8, cmov, fxsr, ht, mmx, 3dnowpref, sse, sse2, sse3, ssse3, sse4.1, sse4.2, popcnt, lzcnt, tsc, tscinvbit, avx, avx2, aes, erms, clmul, bmi1, bmi2, adx, sha, fma, vzeroupper, clflush, clflushopt, clwb, hv, serialize, rdtscp, rdpid, fsrm, f16c, cet_ibt, cet_ss
Processor Information for processor 0
  Max Mhz: 2500, Current Mhz: 2500, Mhz Limit: 2500
Processor Information for processor 1
  Max Mhz: 2500, Current Mhz: 2500, Mhz Limit: 2500
Processor Information for processor 2
  Max Mhz: 2500, Current Mhz: 2500, Mhz Limit: 2500
Processor Information for processor 3
  Max Mhz: 2500, Current Mhz: 2500, Mhz Limit: 2500
Processor Information for processor 4
  Max Mhz: 2500, Current Mhz: 2500, Mhz Limit: 2500
Processor Information for processor 5
  Max Mhz: 2500, Current Mhz: 1532, Mhz Limit: 2500
Processor Information for processor 6
  Max Mhz: 2500, Current Mhz: 2500, Mhz Limit: 2500
Processor Information for processor 7
  Max Mhz: 2500, Current Mhz: 2500, Mhz Limit: 2500
Processor Information for processor 8
  Max Mhz: 2500, Current Mhz: 1527, Mhz Limit: 2500
Processor Information for processor 9
  Max Mhz: 2500, Current Mhz: 1527, Mhz Limit: 2500
Processor Information for processor 10
  Max Mhz: 2500, Current Mhz: 1527, Mhz Limit: 2500
Processor Information for processor 11
  Max Mhz: 2500, Current Mhz: 1527, Mhz Limit: 2500
Processor Information for processor 12
  Max Mhz: 2500, Current Mhz: 1527, Mhz Limit: 2500
Processor Information for processor 13
  Max Mhz: 2500, Current Mhz: 1527, Mhz Limit: 2500
Processor Information for processor 14
  Max Mhz: 2500, Current Mhz: 1527, Mhz Limit: 2500
Processor Information for processor 15
  Max Mhz: 2500, Current Mhz: 1527, Mhz Limit: 2500

Memory: 4k page, system-wide physical 16068M (1132M free)
TotalPageFile size 24260M (AvailPageFile size 117M)
current process WorkingSet (physical memory assigned to process): 882M, peak: 972M
current process commit charge ("private bytes"): 923M, peak: 1013M

vm_info: OpenJDK 64-Bit Server VM (21.0.11+10-LTS) for windows-amd64 JRE (21.0.11+10-LTS), built on 2026-04-21T00:00:00Z by "admin" with MS VC++ 17.12 (VS2022)

END.
